bigram,n,year,star,pec
las vegas,135,2018,4,0.06056527590847914
happy hour,69,2018,4,0.03095558546433378
highly recommend,68,2018,4,0.03050695379093764
ice cream,65,2018,4,0.029161058770749215
fremont street,57,2018,4,0.02557200538358008
4 stars,47,2018,4,0.021085688649618663
cirque du,47,2018,4,0.021085688649618663
du soleil,46,2018,4,0.02063705697622252
5 stars,44,2018,4,0.01973979362943024
gift shop,40,2018,4,0.01794526693584567
parking lot,38,2018,4,0.01704800358905339
live music,34,2018,4,0.01525347689546882
cactus garden,33,2018,4,0.014804845222072678
chicken sandwich,31,2018,4,0.013907581875280395
outdoor seating,30,2018,4,0.013458950201884253
coca cola,28,2018,4,0.01256168685509197
tour guide,28,2018,4,0.01256168685509197
people watching,26,2018,4,0.011664423508299685
super friendly,26,2018,4,0.011664423508299685
customer service,25,2018,4,0.011215791834903545
neon museum,25,2018,4,0.011215791834903545
pretty cool,25,2018,4,0.011215791834903545
cheese curds,24,2018,4,0.010767160161507403
friendly staff,24,2018,4,0.010767160161507403
chopped salad,23,2018,4,0.01031852848811126
pad thai,23,2018,4,0.01031852848811126
red rock,23,2018,4,0.01031852848811126
onion rings,22,2018,4,0.00986989681471512
friday night,21,2018,4,0.009421265141318977
nthe food,21,2018,4,0.009421265141318977
pleasantly surprised,21,2018,4,0.009421265141318977
pulled pork,21,2018,4,0.009421265141318977
saturday night,21,2018,4,0.009421265141318977
20 minutes,20,2018,4,0.008972633467922835
food trucks,20,2018,4,0.008972633467922835
french toast,20,2018,4,0.008972633467922835
gluten free,20,2018,4,0.008972633467922835
guided tour,20,2018,4,0.008972633467922835
red rice,20,2018,4,0.008972633467922835
4 5,19,2018,4,0.008524001794526694
5 star,19,2018,4,0.008524001794526694
cooked perfectly,19,2018,4,0.008524001794526694
date night,19,2018,4,0.008524001794526694
fried rice,19,2018,4,0.008524001794526694
friendly service,19,2018,4,0.008524001794526694
pork belly,19,2018,4,0.008524001794526694
1 2,18,2018,4,0.008075370121130552
chocolate tasting,18,2018,4,0.008075370121130552
coffee shop,18,2018,4,0.008075370121130552
farmers market,18,2018,4,0.008075370121130552
zip line,18,2018,4,0.008075370121130552
family friendly,17,2018,4,0.00762673844773441
food truck,17,2018,4,0.00762673844773441
street performers,17,2018,4,0.00762673844773441
45 minutes,16,2018,4,0.007178106774338268
container park,16,2018,4,0.007178106774338268
french fries,16,2018,4,0.007178106774338268
grilled cheese,16,2018,4,0.007178106774338268
mexican food,16,2018,4,0.007178106774338268
people watch,16,2018,4,0.007178106774338268
street experience,16,2018,4,0.007178106774338268
15 minutes,15,2018,4,0.006729475100942127
30 minutes,15,2018,4,0.006729475100942127
garlic fries,15,2018,4,0.006729475100942127
liberty market,15,2018,4,0.006729475100942127
music playing,15,2018,4,0.006729475100942127
nthe service,15,2018,4,0.006729475100942127
rock canyon,15,2018,4,0.006729475100942127
short ribs,15,2018,4,0.006729475100942127
super nice,15,2018,4,0.006729475100942127
vegas strip,15,2018,4,0.006729475100942127
bit pricey,14,2018,4,0.006280843427545985
chocolate factory,14,2018,4,0.006280843427545985
food vendors,14,2018,4,0.006280843427545985
neon signs,14,2018,4,0.006280843427545985
portion size,14,2018,4,0.006280843427545985
wait time,14,2018,4,0.006280843427545985
beer selection,13,2018,4,0.005832211754149843
dining experience,13,2018,4,0.005832211754149843
food options,13,2018,4,0.005832211754149843
noodle soup,13,2018,4,0.005832211754149843
nthe staff,13,2018,4,0.005832211754149843
spice level,13,2018,4,0.005832211754149843
top notch,13,2018,4,0.005832211754149843
wide variety,13,2018,4,0.005832211754149843
breakfast sandwich,12,2018,4,0.005383580080753701
carne asada,12,2018,4,0.005383580080753701
free parking,12,2018,4,0.005383580080753701
fun time,12,2018,4,0.005383580080753701
le reve,12,2018,4,0.005383580080753701
menu items,12,2018,4,0.005383580080753701
root beer,12,2018,4,0.005383580080753701
sin city,12,2018,4,0.005383580080753701
thai food,12,2018,4,0.005383580080753701
bbq chicken,11,2018,4,0.00493494840735756
delicious food,11,2018,4,0.00493494840735756
farm grill,11,2018,4,0.00493494840735756
hot chocolate,11,2018,4,0.00493494840735756
joe's farm,11,2018,4,0.00493494840735756
locally sourced,11,2018,4,0.00493494840735756
customer service,123,2015,1,0.09283018867924528
hot chocolate,51,2015,1,0.038490566037735846
10 minutes,45,2015,1,0.033962264150943396
ice cream,44,2015,1,0.03320754716981132
frozen hot,41,2015,1,0.030943396226415093
las vegas,36,2015,1,0.027169811320754716
20 minutes,33,2015,1,0.02490566037735849
30 minutes,32,2015,1,0.024150943396226414
15 minutes,28,2015,1,0.021132075471698115
45 minutes,26,2015,1,0.019622641509433963
cafe rio,23,2015,1,0.017358490566037735
bad service,20,2015,1,0.01509433962264151
parking lot,20,2015,1,0.01509433962264151
horrible service,17,2015,1,0.012830188679245283
1 star,16,2015,1,0.012075471698113207
2 hours,16,2015,1,0.012075471698113207
credit card,16,2015,1,0.012075471698113207
3 times,15,2015,1,0.011320754716981131
minute wait,15,2015,1,0.011320754716981131
worst service,15,2015,1,0.011320754716981131
0 stars,14,2015,1,0.010566037735849057
25 minutes,14,2015,1,0.010566037735849057
horrible experience,14,2015,1,0.010566037735849057
terrible service,14,2015,1,0.010566037735849057
extremely rude,13,2015,1,0.009811320754716982
1 2,12,2015,1,0.009056603773584906
happy hour,12,2015,1,0.009056603773584906
mexican food,12,2015,1,0.009056603773584906
nthe food,12,2015,1,0.009056603773584906
poor customer,12,2015,1,0.009056603773584906
weeks ago,12,2015,1,0.009056603773584906
bad reviews,11,2015,1,0.00830188679245283
egg whites,11,2015,1,0.00830188679245283
gluten free,11,2015,1,0.00830188679245283
horrible horrible,11,2015,1,0.00830188679245283
multiple times,11,2015,1,0.00830188679245283
security guard,11,2015,1,0.00830188679245283
ten minutes,11,2015,1,0.00830188679245283
1 hour,10,2015,1,0.007547169811320755
5 minutes,10,2015,1,0.007547169811320755
lazy river,10,2015,1,0.007547169811320755
red rice,10,2015,1,0.007547169811320755
slow service,10,2015,1,0.007547169811320755
wait staff,10,2015,1,0.007547169811320755
wait time,10,2015,1,0.007547169811320755
10 30,9,2015,1,0.006792452830188679
40 minutes,9,2015,1,0.006792452830188679
bought tickets,9,2015,1,0.006792452830188679
fish tacos,9,2015,1,0.006792452830188679
horrible customer,9,2015,1,0.006792452830188679
10 minute,8,2015,1,0.0060377358490566035
3 days,8,2015,1,0.0060377358490566035
bad day,8,2015,1,0.0060377358490566035
bad experience,8,2015,1,0.0060377358490566035
brown sugar,8,2015,1,0.0060377358490566035
cirque du,8,2015,1,0.0060377358490566035
complete waste,8,2015,1,0.0060377358490566035
extremely disappointed,8,2015,1,0.0060377358490566035
eye contact,8,2015,1,0.0060377358490566035
fast food,8,2015,1,0.0060377358490566035
italian grotto,8,2015,1,0.0060377358490566035
liberty market,8,2015,1,0.0060377358490566035
mexican restaurant,8,2015,1,0.0060377358490566035
poor service,8,2015,1,0.0060377358490566035
pretty bad,8,2015,1,0.0060377358490566035
saturday night,8,2015,1,0.0060377358490566035
story short,8,2015,1,0.0060377358490566035
terrible customer,8,2015,1,0.0060377358490566035
toilet paper,8,2015,1,0.0060377358490566035
tour guide,8,2015,1,0.0060377358490566035
wave pool,8,2015,1,0.0060377358490566035
10 people,7,2015,1,0.005283018867924529
2 weeks,7,2015,1,0.005283018867924529
awful experience,7,2015,1,0.005283018867924529
blue cheese,7,2015,1,0.005283018867924529
deep fried,7,2015,1,0.005283018867924529
dining experience,7,2015,1,0.005283018867924529
du soleil,7,2015,1,0.005283018867924529
food truck,7,2015,1,0.005283018867924529
friday night,7,2015,1,0.005283018867924529
garlic bread,7,2015,1,0.005283018867924529
gas station,7,2015,1,0.005283018867924529
guest list,7,2015,1,0.005283018867924529
highly recommend,7,2015,1,0.005283018867924529
paying customers,7,2015,1,0.005283018867924529
serendipity 3,7,2015,1,0.005283018867924529
sour cream,7,2015,1,0.005283018867924529
worst customer,7,2015,1,0.005283018867924529
worst experience,7,2015,1,0.005283018867924529
1 reason,6,2015,1,0.004528301886792453
10 15,6,2015,1,0.004528301886792453
10 min,6,2015,1,0.004528301886792453
10 mins,6,2015,1,0.004528301886792453
2 months,6,2015,1,0.004528301886792453
30 mins,6,2015,1,0.004528301886792453
5 min,6,2015,1,0.004528301886792453
6 months,6,2015,1,0.004528301886792453
7 00,6,2015,1,0.004528301886792453
bad food,6,2015,1,0.004528301886792453
bad review,6,2015,1,0.004528301886792453
las vegas,50,2017,3,0.050761421319796954
3 stars,30,2017,3,0.030456852791878174
ice cream,26,2017,3,0.026395939086294416
happy hour,23,2017,3,0.023350253807106598
fremont street,22,2017,3,0.02233502538071066
cirque du,20,2017,3,0.02030456852791878
du soleil,19,2017,3,0.019289340101522844
gift shop,18,2017,3,0.018274111675126905
5 stars,16,2017,3,0.016243654822335026
10 minutes,15,2017,3,0.015228426395939087
30 minutes,15,2017,3,0.015228426395939087
customer service,15,2017,3,0.015228426395939087
cactus garden,14,2017,3,0.014213197969543147
tour guide,14,2017,3,0.014213197969543147
cheese curds,13,2017,3,0.013197969543147208
friday night,13,2017,3,0.013197969543147208
red rice,13,2017,3,0.013197969543147208
street performers,13,2017,3,0.013197969543147208
1 2,12,2017,3,0.012182741116751269
15 minutes,12,2017,3,0.012182741116751269
20 minutes,12,2017,3,0.012182741116751269
coca cola,12,2017,3,0.012182741116751269
nthe service,12,2017,3,0.012182741116751269
parking lot,12,2017,3,0.012182741116751269
pulled pork,12,2017,3,0.012182741116751269
sour cream,12,2017,3,0.012182741116751269
casa loma,11,2017,3,0.01116751269035533
le reve,11,2017,3,0.01116751269035533
noodle soup,11,2017,3,0.01116751269035533
onion rings,11,2017,3,0.01116751269035533
people watching,11,2017,3,0.01116751269035533
star rating,11,2017,3,0.01116751269035533
3 star,10,2017,3,0.01015228426395939
fried chicken,10,2017,3,0.01015228426395939
live music,10,2017,3,0.01015228426395939
pad thai,10,2017,3,0.01015228426395939
vegas strip,10,2017,3,0.01015228426395939
wait staff,10,2017,3,0.01015228426395939
3.5 stars,9,2017,3,0.009137055837563452
beer selection,9,2017,3,0.009137055837563452
food options,9,2017,3,0.009137055837563452
food trucks,9,2017,3,0.009137055837563452
hot chocolate,9,2017,3,0.009137055837563452
pretty cool,9,2017,3,0.009137055837563452
40 minutes,8,2017,3,0.008121827411167513
5 minutes,8,2017,3,0.008121827411167513
credit card,8,2017,3,0.008121827411167513
friendly staff,8,2017,3,0.008121827411167513
nthe food,8,2017,3,0.008121827411167513
story line,8,2017,3,0.008121827411167513
super friendly,8,2017,3,0.008121827411167513
weeks ago,8,2017,3,0.008121827411167513
2 stars,7,2017,3,0.007106598984771574
3 5,7,2017,3,0.007106598984771574
45 minutes,7,2017,3,0.007106598984771574
bring cash,7,2017,3,0.007106598984771574
cinnamon rolls,7,2017,3,0.007106598984771574
coffee shop,7,2017,3,0.007106598984771574
eiffel tower,7,2017,3,0.007106598984771574
fast food,7,2017,3,0.007106598984771574
food truck,7,2017,3,0.007106598984771574
menu items,7,2017,3,0.007106598984771574
mexican food,7,2017,3,0.007106598984771574
night tour,7,2017,3,0.007106598984771574
prime rib,7,2017,3,0.007106598984771574
saturday afternoon,7,2017,3,0.007106598984771574
saturday night,7,2017,3,0.007106598984771574
sweet potato,7,2017,3,0.007106598984771574
taking pictures,7,2017,3,0.007106598984771574
walking distance,7,2017,3,0.007106598984771574
wave pool,7,2017,3,0.007106598984771574
almond croissant,6,2017,3,0.006091370558375634
bad seat,6,2017,3,0.006091370558375634
carne asada,6,2017,3,0.006091370558375634
chicken sandwich,6,2017,3,0.006091370558375634
chopped salad,6,2017,3,0.006091370558375634
deep fried,6,2017,3,0.006091370558375634
finally arrived,6,2017,3,0.006091370558375634
french fries,6,2017,3,0.006091370558375634
golden nugget,6,2017,3,0.006091370558375634
grilled cheese,6,2017,3,0.006091370558375634
lunch hour,6,2017,3,0.006091370558375634
mac cheese,6,2017,3,0.006091370558375634
ni guess,6,2017,3,0.006091370558375634
poached eggs,6,2017,3,0.006091370558375634
portion size,6,2017,3,0.006091370558375634
pretty decent,6,2017,3,0.006091370558375634
pretty empty,6,2017,3,0.006091370558375634
swap meet,6,2017,3,0.006091370558375634
2 3,5,2017,3,0.005076142131979695
4 5,5,2017,3,0.005076142131979695
4 star,5,2017,3,0.005076142131979695
4 stars,5,2017,3,0.005076142131979695
backstreet boys,5,2017,3,0.005076142131979695
beef noodle,5,2017,3,0.005076142131979695
bit pricey,5,2017,3,0.005076142131979695
botanical garden,5,2017,3,0.005076142131979695
bowling alley,5,2017,3,0.005076142131979695
chicken kelaguen,5,2017,3,0.005076142131979695
fish tacos,5,2017,3,0.005076142131979695
las vegas,179,2015,4,0.057985098801425335
ice cream,124,2015,4,0.04016844833171364
hot chocolate,106,2015,4,0.03433754454162617
frozen hot,76,2015,4,0.024619371558147068
4 stars,74,2015,4,0.02397149335924846
happy hour,72,2015,4,0.023323615160349854
cirque du,70,2015,4,0.022675736961451247
5 stars,68,2015,4,0.02202785876255264
du soleil,67,2015,4,0.021703919663103338
parking lot,53,2015,4,0.017168772270813086
highly recommend,52,2015,4,0.016844833171363784
coca cola,51,2015,4,0.01652089407191448
nthe food,51,2015,4,0.01652089407191448
live music,49,2015,4,0.015873015873015872
friendly staff,46,2015,4,0.014901198574667962
noodle soup,46,2015,4,0.014901198574667962
beer selection,42,2015,4,0.013605442176870748
sweet potato,42,2015,4,0.013605442176870748
cheese curds,41,2015,4,0.013281503077421444
customer service,41,2015,4,0.013281503077421444
fremont street,39,2015,4,0.012633624878522837
chopped salad,38,2015,4,0.012309685779073534
gluten free,38,2015,4,0.012309685779073534
pulled pork,38,2015,4,0.012309685779073534
super friendly,36,2015,4,0.011661807580174927
french toast,33,2015,4,0.010689990281827016
pretty cool,33,2015,4,0.010689990281827016
deep fried,32,2015,4,0.010366051182377713
gift shop,31,2015,4,0.01004211208292841
short ribs,31,2015,4,0.01004211208292841
red rice,30,2015,4,0.009718172983479106
food truck,28,2015,4,0.009070294784580499
pleasantly surprised,28,2015,4,0.009070294784580499
food trucks,27,2015,4,0.008746355685131196
grilled cheese,27,2015,4,0.008746355685131196
1 2,26,2015,4,0.008422416585681892
coffee shop,26,2015,4,0.008422416585681892
street performers,25,2015,4,0.008098477486232589
15 minutes,24,2015,4,0.007774538386783284
family friendly,24,2015,4,0.007774538386783284
pad thai,24,2015,4,0.007774538386783284
board games,23,2015,4,0.007450599287333981
onion rings,23,2015,4,0.007450599287333981
outdoor seating,23,2015,4,0.007450599287333981
peanut butter,23,2015,4,0.007450599287333981
tour guide,23,2015,4,0.007450599287333981
blue cheese,22,2015,4,0.007126660187884677
fried rice,22,2015,4,0.007126660187884677
neon museum,22,2015,4,0.007126660187884677
ni love,22,2015,4,0.007126660187884677
people watching,22,2015,4,0.007126660187884677
wait staff,22,2015,4,0.007126660187884677
farmers market,21,2015,4,0.006802721088435374
friday night,21,2015,4,0.006802721088435374
liberty market,21,2015,4,0.006802721088435374
perfectly cooked,21,2015,4,0.006802721088435374
saturday night,21,2015,4,0.006802721088435374
20 minutes,20,2015,4,0.00647878198898607
beef noodle,20,2015,4,0.00647878198898607
chicken salad,20,2015,4,0.00647878198898607
eggs benedict,20,2015,4,0.00647878198898607
bit pricey,19,2015,4,0.006154842889536767
fried chicken,19,2015,4,0.006154842889536767
nthe service,19,2015,4,0.006154842889536767
potato fries,19,2015,4,0.006154842889536767
red rock,19,2015,4,0.006154842889536767
red velvet,19,2015,4,0.006154842889536767
10 minutes,18,2015,4,0.0058309037900874635
30 minutes,18,2015,4,0.0058309037900874635
5 star,18,2015,4,0.0058309037900874635
bbq sauce,18,2015,4,0.0058309037900874635
chicken sandwich,18,2015,4,0.0058309037900874635
container park,18,2015,4,0.0058309037900874635
eiffel tower,18,2015,4,0.0058309037900874635
fish tacos,18,2015,4,0.0058309037900874635
hot dog,18,2015,4,0.0058309037900874635
mac cheese,18,2015,4,0.0058309037900874635
menu items,18,2015,4,0.0058309037900874635
mongolian beef,18,2015,4,0.0058309037900874635
street experience,18,2015,4,0.0058309037900874635
food options,17,2015,4,0.00550696469063816
hip hop,17,2015,4,0.00550696469063816
neon signs,17,2015,4,0.00550696469063816
people watch,17,2015,4,0.00550696469063816
portion size,17,2015,4,0.00550696469063816
worth checking,17,2015,4,0.00550696469063816
1 star,16,2015,4,0.0051830255911888565
craft beer,16,2015,4,0.0051830255911888565
frrrozen hot,16,2015,4,0.0051830255911888565
hot sauce,16,2015,4,0.0051830255911888565
mexican food,16,2015,4,0.0051830255911888565
pork belly,16,2015,4,0.0051830255911888565
wait time,16,2015,4,0.0051830255911888565
4 5,15,2015,4,0.004859086491739553
bar food,15,2015,4,0.004859086491739553
botanical gardens,15,2015,4,0.004859086491739553
date night,15,2015,4,0.004859086491739553
entire time,15,2015,4,0.004859086491739553
highly recommended,15,2015,4,0.004859086491739553
huge fan,15,2015,4,0.004859086491739553
las vegas,145,2016,4,0.05290040131338927
ice cream,139,2016,4,0.050711419190076615
hot chocolate,118,2016,4,0.043049981758482306
frozen hot,90,2016,4,0.032834731849689894
4 stars,65,2016,4,0.023713973002553814
highly recommend,62,2016,4,0.022619481940897482
5 stars,61,2016,4,0.02225465158701204
happy hour,57,2016,4,0.020795330171470266
cheese curds,51,2016,4,0.018606348048157608
pretty cool,45,2016,4,0.016417365924844947
cirque du,43,2016,4,0.01568770521707406
du soleil,42,2016,4,0.015322874863188618
fremont street,39,2016,4,0.014228383801532287
gluten free,37,2016,4,0.0134987230937614
nthe food,37,2016,4,0.0134987230937614
parking lot,36,2016,4,0.013133892739875957
chopped salad,34,2016,4,0.012404232032105071
coffee shop,34,2016,4,0.012404232032105071
customer service,34,2016,4,0.012404232032105071
noodle soup,33,2016,4,0.012039401678219628
onion rings,31,2016,4,0.011309740970448741
pleasantly surprised,31,2016,4,0.011309740970448741
live music,30,2016,4,0.010944910616563297
peanut butter,30,2016,4,0.010944910616563297
sweet potato,30,2016,4,0.010944910616563297
super friendly,29,2016,4,0.010580080262677856
vegas strip,29,2016,4,0.010580080262677856
gift shop,28,2016,4,0.010215249908792412
coca cola,27,2016,4,0.009850419554906968
french toast,27,2016,4,0.009850419554906968
fried chicken,27,2016,4,0.009850419554906968
15 minutes,26,2016,4,0.009485589201021525
deep fried,26,2016,4,0.009485589201021525
friendly staff,26,2016,4,0.009485589201021525
pulled pork,26,2016,4,0.009485589201021525
farmers market,25,2016,4,0.009120758847136081
friday night,25,2016,4,0.009120758847136081
4 5,24,2016,4,0.008755928493250638
beer selection,24,2016,4,0.008755928493250638
red rice,24,2016,4,0.008755928493250638
tour guide,24,2016,4,0.008755928493250638
30 minutes,23,2016,4,0.008391098139365194
chicken sandwich,23,2016,4,0.008391098139365194
container park,23,2016,4,0.008391098139365194
outdoor seating,23,2016,4,0.008391098139365194
whipped cream,23,2016,4,0.008391098139365194
red velvet,22,2016,4,0.008026267785479753
pad thai,21,2016,4,0.007661437431594309
pork belly,21,2016,4,0.007661437431594309
saturday night,21,2016,4,0.007661437431594309
10 minutes,20,2016,4,0.0072966070777088655
5 star,20,2016,4,0.0072966070777088655
family friendly,20,2016,4,0.0072966070777088655
food trucks,19,2016,4,0.006931776723823422
friendly service,19,2016,4,0.006931776723823422
people watching,19,2016,4,0.006931776723823422
story line,19,2016,4,0.006931776723823422
bit pricey,18,2016,4,0.006566946369937978
food truck,18,2016,4,0.006566946369937978
nthe staff,18,2016,4,0.006566946369937978
bad seat,17,2016,4,0.006202116016052536
cactus garden,17,2016,4,0.006202116016052536
neon museum,17,2016,4,0.006202116016052536
2 hours,16,2016,4,0.005837285662167092
goat cheese,16,2016,4,0.005837285662167092
grilled cheese,16,2016,4,0.005837285662167092
hidden gem,16,2016,4,0.005837285662167092
menu items,16,2016,4,0.005837285662167092
nthe service,16,2016,4,0.005837285662167092
potato fries,16,2016,4,0.005837285662167092
20 minutes,15,2016,4,0.005472455308281649
chocolate factory,15,2016,4,0.005472455308281649
craft beer,15,2016,4,0.005472455308281649
date night,15,2016,4,0.005472455308281649
highly recommended,15,2016,4,0.005472455308281649
late night,15,2016,4,0.005472455308281649
prime rib,15,2016,4,0.005472455308281649
red rock,15,2016,4,0.005472455308281649
serendipity 3,15,2016,4,0.005472455308281649
street experience,15,2016,4,0.005472455308281649
thai food,15,2016,4,0.005472455308281649
1 2,14,2016,4,0.005107624954396206
dog friendly,14,2016,4,0.005107624954396206
free parking,14,2016,4,0.005107624954396206
fried rice,14,2016,4,0.005107624954396206
wait staff,14,2016,4,0.005107624954396206
45 minutes,13,2016,4,0.0047427946005107625
5 minutes,13,2016,4,0.0047427946005107625
absolutely loved,13,2016,4,0.0047427946005107625
bar food,13,2016,4,0.0047427946005107625
bbq chicken,13,2016,4,0.0047427946005107625
bbq sauce,13,2016,4,0.0047427946005107625
beef brisket,13,2016,4,0.0047427946005107625
breakfast lunch,13,2016,4,0.0047427946005107625
carrot cake,13,2016,4,0.0047427946005107625
food options,13,2016,4,0.0047427946005107625
hip hop,13,2016,4,0.0047427946005107625
mexican food,13,2016,4,0.0047427946005107625
nice atmosphere,13,2016,4,0.0047427946005107625
recommend coming,13,2016,4,0.0047427946005107625
ice cream,37,2017,2,0.04798962386511025
customer service,35,2017,2,0.04539559014267185
10 minutes,29,2017,2,0.03761348897535668
2 stars,29,2017,2,0.03761348897535668
30 minutes,16,2017,2,0.020752269779507133
nthe food,16,2017,2,0.020752269779507133
15 minutes,15,2017,2,0.019455252918287938
happy hour,15,2017,2,0.019455252918287938
20 minutes,13,2017,2,0.016861219195849545
40 minutes,13,2017,2,0.016861219195849545
fried chicken,13,2017,2,0.016861219195849545
wait staff,12,2017,2,0.01556420233463035
chicken breast,11,2017,2,0.014267185473411154
cirque du,11,2017,2,0.014267185473411154
du soleil,11,2017,2,0.014267185473411154
mexican food,11,2017,2,0.014267185473411154
onion rings,11,2017,2,0.014267185473411154
chicken sandwich,10,2017,2,0.01297016861219196
fremont street,10,2017,2,0.01297016861219196
5 minutes,9,2017,2,0.011673151750972763
chicken tikka,9,2017,2,0.011673151750972763
mac cheese,9,2017,2,0.011673151750972763
45 minutes,8,2017,2,0.010376134889753566
bbq sauce,8,2017,2,0.010376134889753566
goat cheese,8,2017,2,0.010376134889753566
honey toast,8,2017,2,0.010376134889753566
las vegas,8,2017,2,0.010376134889753566
multiple times,8,2017,2,0.010376134889753566
saturday night,8,2017,2,0.010376134889753566
store bought,8,2017,2,0.010376134889753566
tour guide,8,2017,2,0.010376134889753566
2 hours,7,2017,2,0.009079118028534372
5 stars,7,2017,2,0.009079118028534372
fell asleep,7,2017,2,0.009079118028534372
food quality,7,2017,2,0.009079118028534372
french toast,7,2017,2,0.009079118028534372
nthe service,7,2017,2,0.009079118028534372
pulled pork,7,2017,2,0.009079118028534372
slow service,7,2017,2,0.009079118028534372
sweet potato,7,2017,2,0.009079118028534372
1 star,6,2017,2,0.007782101167315175
2 star,6,2017,2,0.007782101167315175
4 stars,6,2017,2,0.007782101167315175
5 star,6,2017,2,0.007782101167315175
bad service,6,2017,2,0.007782101167315175
beet salad,6,2017,2,0.007782101167315175
kohl center,6,2017,2,0.007782101167315175
la reve,6,2017,2,0.007782101167315175
lacked flavor,6,2017,2,0.007782101167315175
mediocre food,6,2017,2,0.007782101167315175
mongolian beef,6,2017,2,0.007782101167315175
parking lot,6,2017,2,0.007782101167315175
poor service,6,2017,2,0.007782101167315175
bad experience,5,2017,2,0.00648508430609598
beef hash,5,2017,2,0.00648508430609598
caesar salad,5,2017,2,0.00648508430609598
chopped salad,5,2017,2,0.00648508430609598
corned beef,5,2017,2,0.00648508430609598
dining experience,5,2017,2,0.00648508430609598
empty tables,5,2017,2,0.00648508430609598
entire time,5,2017,2,0.00648508430609598
fish tacos,5,2017,2,0.00648508430609598
friday night,5,2017,2,0.00648508430609598
fried rice,5,2017,2,0.00648508430609598
friendly staff,5,2017,2,0.00648508430609598
grilled chicken,5,2017,2,0.00648508430609598
ice skating,5,2017,2,0.00648508430609598
linq promenade,5,2017,2,0.00648508430609598
mashed potatoes,5,2017,2,0.00648508430609598
medium rare,5,2017,2,0.00648508430609598
nmy husband,5,2017,2,0.00648508430609598
play structure,5,2017,2,0.00648508430609598
pretty cool,5,2017,2,0.00648508430609598
real ice,5,2017,2,0.00648508430609598
short ribs,5,2017,2,0.00648508430609598
soda water,5,2017,2,0.00648508430609598
spring roll,5,2017,2,0.00648508430609598
story line,5,2017,2,0.00648508430609598
1 hour,4,2017,2,0.005188067444876783
2 3,4,2017,2,0.005188067444876783
25 minutes,4,2017,2,0.005188067444876783
3 times,4,2017,2,0.005188067444876783
beef ball,4,2017,2,0.005188067444876783
beer garden,4,2017,2,0.005188067444876783
bread pudding,4,2017,2,0.005188067444876783
breakfast food,4,2017,2,0.005188067444876783
breast skewers,4,2017,2,0.005188067444876783
burger joint,4,2017,2,0.005188067444876783
bus boy,4,2017,2,0.005188067444876783
butternut squash,4,2017,2,0.005188067444876783
car wash,4,2017,2,0.005188067444876783
casa loma,4,2017,2,0.005188067444876783
chicken strips,4,2017,2,0.005188067444876783
christmas town,4,2017,2,0.005188067444876783
cold food,4,2017,2,0.005188067444876783
cole slaw,4,2017,2,0.005188067444876783
cucumber salad,4,2017,2,0.005188067444876783
date night,4,2017,2,0.005188067444876783
disappointing experience,4,2017,2,0.005188067444876783
drinks food,4,2017,2,0.005188067444876783
customer service,111,2018,1,0.10551330798479087
10 minutes,39,2018,1,0.0370722433460076
20 minutes,36,2018,1,0.034220532319391636
15 minutes,26,2018,1,0.024714828897338403
las vegas,26,2018,1,0.024714828897338403
30 minutes,25,2018,1,0.02376425855513308
credit card,19,2018,1,0.01806083650190114
horrible service,18,2018,1,0.017110266159695818
parking lot,17,2018,1,0.016159695817490494
horrible customer,16,2018,1,0.015209125475285171
1 2,14,2018,1,0.013307984790874524
multiple times,14,2018,1,0.013307984790874524
terrible service,14,2018,1,0.013307984790874524
5 minutes,13,2018,1,0.012357414448669201
happy hour,13,2018,1,0.012357414448669201
extremely rude,12,2018,1,0.011406844106463879
ice cream,12,2018,1,0.011406844106463879
saturday night,12,2018,1,0.011406844106463879
worst customer,12,2018,1,0.011406844106463879
0 stars,11,2018,1,0.010456273764258554
1 star,11,2018,1,0.010456273764258554
5 stars,11,2018,1,0.010456273764258554
bad service,11,2018,1,0.010456273764258554
gift shop,11,2018,1,0.010456273764258554
worst experience,11,2018,1,0.010456273764258554
2 hours,10,2018,1,0.009505703422053232
bad experience,10,2018,1,0.009505703422053232
butter chicken,10,2018,1,0.009505703422053232
food poisoning,10,2018,1,0.009505703422053232
friday night,10,2018,1,0.009505703422053232
paying customers,10,2018,1,0.009505703422053232
poor service,10,2018,1,0.009505703422053232
wait staff,10,2018,1,0.009505703422053232
worst service,10,2018,1,0.009505703422053232
chicken sandwich,9,2018,1,0.008555133079847909
extremely disappointed,9,2018,1,0.008555133079847909
italian food,9,2018,1,0.008555133079847909
nthe food,9,2018,1,0.008555133079847909
pulled pork,9,2018,1,0.008555133079847909
security guard,9,2018,1,0.008555133079847909
15 min,8,2018,1,0.0076045627376425855
corn maze,8,2018,1,0.0076045627376425855
entire time,8,2018,1,0.0076045627376425855
food quality,8,2018,1,0.0076045627376425855
fremont street,8,2018,1,0.0076045627376425855
horrible experience,8,2018,1,0.0076045627376425855
horrible horrible,8,2018,1,0.0076045627376425855
ten minutes,8,2018,1,0.0076045627376425855
ticket office,8,2018,1,0.0076045627376425855
worst restaurant,8,2018,1,0.0076045627376425855
15 mins,7,2018,1,0.006653992395437262
2 3,7,2018,1,0.006653992395437262
3 times,7,2018,1,0.006653992395437262
30 min,7,2018,1,0.006653992395437262
4 people,7,2018,1,0.006653992395437262
cheese curds,7,2018,1,0.006653992395437262
chicken tenders,7,2018,1,0.006653992395437262
cirque du,7,2018,1,0.006653992395437262
container park,7,2018,1,0.006653992395437262
du soleil,7,2018,1,0.006653992395437262
fine print,7,2018,1,0.006653992395437262
mexican food,7,2018,1,0.006653992395437262
nmy wife,7,2018,1,0.006653992395437262
salt river,7,2018,1,0.006653992395437262
sour cream,7,2018,1,0.006653992395437262
story line,7,2018,1,0.006653992395437262
taco bell,7,2018,1,0.006653992395437262
wait time,7,2018,1,0.006653992395437262
yelp reviews,7,2018,1,0.006653992395437262
00 pm,6,2018,1,0.005703422053231939
3 days,6,2018,1,0.005703422053231939
30 pm,6,2018,1,0.005703422053231939
40 minutes,6,2018,1,0.005703422053231939
45 minutes,6,2018,1,0.005703422053231939
baked potato,6,2018,1,0.005703422053231939
botanical gardens,6,2018,1,0.005703422053231939
box office,6,2018,1,0.005703422053231939
coffee shop,6,2018,1,0.005703422053231939
crab cakes,6,2018,1,0.005703422053231939
egg salad,6,2018,1,0.005703422053231939
food arrived,6,2018,1,0.005703422053231939
grilled cheese,6,2018,1,0.005703422053231939
hard earned,6,2018,1,0.005703422053231939
haunted house,6,2018,1,0.005703422053231939
highly recommend,6,2018,1,0.005703422053231939
home button,6,2018,1,0.005703422053231939
huge disappointment,6,2018,1,0.005703422053231939
mexican restaurant,6,2018,1,0.005703422053231939
poor customer,6,2018,1,0.005703422053231939
quick bite,6,2018,1,0.005703422053231939
rude service,6,2018,1,0.005703422053231939
rude staff,6,2018,1,0.005703422053231939
terrible customer,6,2018,1,0.005703422053231939
worst experiences,6,2018,1,0.005703422053231939
2 hour,5,2018,1,0.004752851711026616
20 mins,5,2018,1,0.004752851711026616
3 hours,5,2018,1,0.004752851711026616
30 minute,5,2018,1,0.004752851711026616
4 days,5,2018,1,0.004752851711026616
9 30,5,2018,1,0.004752851711026616
las vegas,356,2016,5,0.07066296149265582
highly recommend,354,2016,5,0.0702659785629218
customer service,167,2016,5,0.03314807463279079
ice cream,143,2016,5,0.028384279475982533
super friendly,105,2016,5,0.020841603811036124
cirque du,98,2016,5,0.01945216355696705
tour guide,94,2016,5,0.018658197697499008
du soleil,93,2016,5,0.018459706232631996
friendly staff,93,2016,5,0.018459706232631996
gluten free,87,2016,5,0.01726875744342993
happy hour,83,2016,5,0.01647479158396189
top notch,76,2016,5,0.015085351329892815
red rock,74,2016,5,0.014688368400158794
5 stars,73,2016,5,0.014489876935291782
chopped salad,71,2016,5,0.01409289400555776
love love,70,2016,5,0.013894402540690751
absolutely love,61,2016,5,0.012107979356887654
hot chocolate,60,2016,5,0.011909487892020643
highly recommended,59,2016,5,0.011710996427153633
red rice,57,2016,5,0.01131401349741961
super nice,57,2016,5,0.01131401349741961
live music,55,2016,5,0.010917030567685589
absolutely amazing,54,2016,5,0.01071853910281858
coffee shop,53,2016,5,0.010520047637951568
parking lot,52,2016,5,0.010321556173084558
amazing food,50,2016,5,0.009924573243350537
fried chicken,50,2016,5,0.009924573243350537
thai food,50,2016,5,0.009924573243350537
pulled pork,48,2016,5,0.009527590313616514
fried rice,47,2016,5,0.009329098848749504
15 minutes,46,2016,5,0.009130607383882492
cheese curds,46,2016,5,0.009130607383882492
gift shop,45,2016,5,0.008932115919015483
pad thai,45,2016,5,0.008932115919015483
fremont street,43,2016,5,0.008535132989281461
nthe food,43,2016,5,0.008535132989281461
neon museum,42,2016,5,0.00833664152441445
absolutely loved,40,2016,5,0.007939658594680429
delicious food,40,2016,5,0.007939658594680429
excellent service,40,2016,5,0.007939658594680429
sweet potato,40,2016,5,0.007939658594680429
vegas strip,40,2016,5,0.007939658594680429
date night,39,2016,5,0.007741167129813418
ni love,39,2016,5,0.007741167129813418
onion rings,39,2016,5,0.007741167129813418
night tour,38,2016,5,0.007542675664946407
1 2,37,2016,5,0.007344184200079397
board games,37,2016,5,0.007344184200079397
family friendly,37,2016,5,0.007344184200079397
front row,37,2016,5,0.007344184200079397
pork belly,37,2016,5,0.007344184200079397
beer selection,36,2016,5,0.007145692735212386
outdoor seating,36,2016,5,0.007145692735212386
totally worth,36,2016,5,0.007145692735212386
craft beer,35,2016,5,0.0069472012703453755
pleasantly surprised,35,2016,5,0.0069472012703453755
bad seat,34,2016,5,0.006748709805478364
5 star,33,2016,5,0.006550218340611353
grilled cheese,33,2016,5,0.006550218340611353
30 minutes,32,2016,5,0.006351726875744343
amazing experience,32,2016,5,0.006351726875744343
container park,30,2016,5,0.0059547439460103215
fresh ingredients,30,2016,5,0.0059547439460103215
friendly service,30,2016,5,0.0059547439460103215
frozen hot,30,2016,5,0.0059547439460103215
saturday night,30,2016,5,0.0059547439460103215
absolutely delicious,29,2016,5,0.005756252481143311
bbq sauce,29,2016,5,0.005756252481143311
french toast,29,2016,5,0.005756252481143311
pretty cool,29,2016,5,0.005756252481143311
20 minutes,28,2016,5,0.0055577610162763
amazing service,28,2016,5,0.0055577610162763
entire time,28,2016,5,0.0055577610162763
extremely friendly,28,2016,5,0.0055577610162763
liberty market,28,2016,5,0.0055577610162763
mexican food,28,2016,5,0.0055577610162763
nthe staff,28,2016,5,0.0055577610162763
potato fries,28,2016,5,0.0055577610162763
farm grill,27,2016,5,0.00535926955140929
garlic fries,27,2016,5,0.00535926955140929
hidden gem,27,2016,5,0.00535926955140929
vegas weddings,27,2016,5,0.00535926955140929
west coast,27,2016,5,0.00535926955140929
board game,26,2016,5,0.005160778086542279
chicken sandwich,26,2016,5,0.005160778086542279
chocolate chip,26,2016,5,0.005160778086542279
excellent food,26,2016,5,0.005160778086542279
farmers market,26,2016,5,0.005160778086542279
frank lloyd,26,2016,5,0.005160778086542279
locally sourced,26,2016,5,0.005160778086542279
peanut butter,26,2016,5,0.005160778086542279
2 hours,25,2016,5,0.004962286621675268
cooked perfectly,25,2016,5,0.004962286621675268
dining experience,25,2016,5,0.004962286621675268
family owned,25,2016,5,0.004962286621675268
joe's farm,25,2016,5,0.004962286621675268
shampoo bars,25,2016,5,0.004962286621675268
wait staff,25,2016,5,0.004962286621675268
fast service,24,2016,5,0.004763795156808257
food options,24,2016,5,0.004763795156808257
las vegas,419,2015,5,0.08077887025255447
highly recommend,291,2015,5,0.05610179294389821
ice cream,185,2015,5,0.035666088297667244
customer service,157,2015,5,0.03026797763639869
cirque du,124,2015,5,0.02390591864276075
friendly staff,122,2015,5,0.023520339309812992
du soleil,108,2015,5,0.020821283979178717
super friendly,95,2015,5,0.018315018315018316
5 stars,93,2015,5,0.017929438982070563
chopped salad,88,2015,5,0.016965490649701175
hot chocolate,84,2015,5,0.016194331983805668
red rock,82,2015,5,0.015808752650857915
happy hour,80,2015,5,0.01542317331791016
love love,78,2015,5,0.015037593984962405
pulled pork,75,2015,5,0.014459224985540775
red rice,71,2015,5,0.013688066319645267
top notch,65,2015,5,0.012531328320802004
gluten free,63,2015,5,0.012145748987854251
live music,63,2015,5,0.012145748987854251
highly recommended,57,2015,5,0.01098901098901099
15 minutes,56,2015,5,0.010796221322537112
amazing food,56,2015,5,0.010796221322537112
gift shop,56,2015,5,0.010796221322537112
tour guide,55,2015,5,0.010603431656063235
delicious food,54,2015,5,0.010410641989589358
parking lot,54,2015,5,0.010410641989589358
frozen hot,52,2015,5,0.010025062656641603
pad thai,51,2015,5,0.009832272990167727
nthe food,50,2015,5,0.00963948332369385
container park,49,2015,5,0.009446693657219974
grilled cheese,47,2015,5,0.009061114324272219
sweet potato,47,2015,5,0.009061114324272219
absolutely love,44,2015,5,0.008482745324850587
le reve,44,2015,5,0.008482745324850587
onion rings,44,2015,5,0.008482745324850587
food truck,43,2015,5,0.00828995565837671
totally worth,43,2015,5,0.00828995565837671
pork belly,42,2015,5,0.008097165991902834
ni love,41,2015,5,0.007904376325428958
cheese curds,40,2015,5,0.00771158665895508
fremont street,40,2015,5,0.00771158665895508
fried rice,40,2015,5,0.00771158665895508
peanut butter,40,2015,5,0.00771158665895508
absolutely amazing,39,2015,5,0.007518796992481203
thai food,39,2015,5,0.007518796992481203
fried chicken,38,2015,5,0.007326007326007326
vegas strip,38,2015,5,0.007326007326007326
5 star,37,2015,5,0.007133217659533449
beer selection,37,2015,5,0.007133217659533449
french toast,37,2015,5,0.007133217659533449
friday night,37,2015,5,0.007133217659533449
rock canyon,37,2015,5,0.007133217659533449
coffee shop,36,2015,5,0.006940427993059572
friendly service,36,2015,5,0.006940427993059572
bad seat,35,2015,5,0.006747638326585695
liberty market,35,2015,5,0.006747638326585695
coca cola,34,2015,5,0.006554848660111818
noodle soup,34,2015,5,0.006554848660111818
super nice,34,2015,5,0.006554848660111818
1 2,32,2015,5,0.006169269327164064
30 minutes,32,2015,5,0.006169269327164064
craft beer,32,2015,5,0.006169269327164064
hidden gem,32,2015,5,0.006169269327164064
outdoor seating,32,2015,5,0.006169269327164064
excellent service,31,2015,5,0.005976479660690187
date night,30,2015,5,0.00578368999421631
neon museum,30,2015,5,0.00578368999421631
west coast,30,2015,5,0.00578368999421631
bbq sauce,29,2015,5,0.005590900327742433
3 times,28,2015,5,0.005398110661268556
beatles fan,28,2015,5,0.005398110661268556
mac cheese,28,2015,5,0.005398110661268556
mexican food,28,2015,5,0.005398110661268556
short ribs,28,2015,5,0.005398110661268556
5 5,27,2015,5,0.005205320994794679
dining experience,27,2015,5,0.005205320994794679
entire time,27,2015,5,0.005205320994794679
excellent food,27,2015,5,0.005205320994794679
farm grill,27,2015,5,0.005205320994794679
people watching,27,2015,5,0.005205320994794679
pleasantly surprised,27,2015,5,0.005205320994794679
pretty cool,27,2015,5,0.005205320994794679
public house,27,2015,5,0.005205320994794679
10 minutes,26,2015,5,0.005012531328320802
absolutely delicious,26,2015,5,0.005012531328320802
food trucks,26,2015,5,0.005012531328320802
nthe service,26,2015,5,0.005012531328320802
visiting vegas,26,2015,5,0.005012531328320802
wait staff,26,2015,5,0.005012531328320802
awesome food,25,2015,5,0.004819741661846925
cooked perfectly,25,2015,5,0.004819741661846925
family friendly,25,2015,5,0.004819741661846925
amazing burger,24,2015,5,0.004626951995373048
amazing experience,24,2015,5,0.004626951995373048
chicken salad,24,2015,5,0.004626951995373048
citizen public,24,2015,5,0.004626951995373048
family owned,24,2015,5,0.004626951995373048
front row,24,2015,5,0.004626951995373048
green tea,24,2015,5,0.004626951995373048
joe's farm,24,2015,5,0.004626951995373048
customer service,127,2017,1,0.10233682514101532
20 minutes,43,2017,1,0.0346494762288477
10 minutes,41,2017,1,0.033037872683319904
15 minutes,40,2017,1,0.032232070910556
30 minutes,30,2017,1,0.024174053182917002
las vegas,29,2017,1,0.023368251410153102
cirque du,22,2017,1,0.017727639000805803
du soleil,22,2017,1,0.017727639000805803
extremely rude,22,2017,1,0.017727639000805803
2 hours,17,2017,1,0.0136986301369863
30 min,17,2017,1,0.0136986301369863
hot chocolate,17,2017,1,0.0136986301369863
45 minutes,16,2017,1,0.0128928283642224
credit card,16,2017,1,0.0128928283642224
horrible experience,16,2017,1,0.0128928283642224
ice cream,16,2017,1,0.0128928283642224
terrible service,16,2017,1,0.0128928283642224
30 mins,15,2017,1,0.012087026591458501
happy hour,15,2017,1,0.012087026591458501
parking lot,15,2017,1,0.012087026591458501
0 stars,14,2017,1,0.011281224818694601
40 minutes,14,2017,1,0.011281224818694601
casa loma,14,2017,1,0.011281224818694601
wait staff,14,2017,1,0.011281224818694601
bad service,13,2017,1,0.010475423045930701
extremely disappointed,13,2017,1,0.010475423045930701
1 2,12,2017,1,0.009669621273166801
1 star,12,2017,1,0.009669621273166801
25 minutes,12,2017,1,0.009669621273166801
fremont street,12,2017,1,0.009669621273166801
wrist bands,12,2017,1,0.009669621273166801
20 min,11,2017,1,0.008863819500402902
bad experience,11,2017,1,0.008863819500402902
ice skating,11,2017,1,0.008863819500402902
multiple times,11,2017,1,0.008863819500402902
worst service,11,2017,1,0.008863819500402902
10 min,10,2017,1,0.008058017727639
5 minutes,10,2017,1,0.008058017727639
desert wireless,10,2017,1,0.008058017727639
food poisoning,10,2017,1,0.008058017727639
months ago,10,2017,1,0.008058017727639
poor service,10,2017,1,0.008058017727639
slow service,10,2017,1,0.008058017727639
wait time,10,2017,1,0.008058017727639
1 hour,9,2017,1,0.007252215954875101
3 hours,9,2017,1,0.007252215954875101
bowling alley,9,2017,1,0.007252215954875101
gift shop,9,2017,1,0.007252215954875101
story line,9,2017,1,0.007252215954875101
terrible customer,9,2017,1,0.007252215954875101
terrible experience,9,2017,1,0.007252215954875101
worst customer,9,2017,1,0.007252215954875101
35 minutes,8,2017,1,0.0064464141821112
5 stars,8,2017,1,0.0064464141821112
6 30,8,2017,1,0.0064464141821112
6 people,8,2017,1,0.0064464141821112
chicken sandwich,8,2017,1,0.0064464141821112
fast food,8,2017,1,0.0064464141821112
front desk,8,2017,1,0.0064464141821112
grocery store,8,2017,1,0.0064464141821112
horrible customer,8,2017,1,0.0064464141821112
horrible service,8,2017,1,0.0064464141821112
mexican food,8,2017,1,0.0064464141821112
nthe food,8,2017,1,0.0064464141821112
positive reviews,8,2017,1,0.0064464141821112
skating rink,8,2017,1,0.0064464141821112
ten minutes,8,2017,1,0.0064464141821112
water park,8,2017,1,0.0064464141821112
worst experience,8,2017,1,0.0064464141821112
20 mins,7,2017,1,0.0056406124093473006
bought tickets,7,2017,1,0.0056406124093473006
cafe rio,7,2017,1,0.0056406124093473006
cell phone,7,2017,1,0.0056406124093473006
cox cable,7,2017,1,0.0056406124093473006
empty tables,7,2017,1,0.0056406124093473006
entrance fee,7,2017,1,0.0056406124093473006
haunted house,7,2017,1,0.0056406124093473006
hour wait,7,2017,1,0.0056406124093473006
lazy river,7,2017,1,0.0056406124093473006
magic tricks,7,2017,1,0.0056406124093473006
minute wait,7,2017,1,0.0056406124093473006
negative stars,7,2017,1,0.0056406124093473006
purchased tickets,7,2017,1,0.0056406124093473006
street performers,7,2017,1,0.0056406124093473006
valentine's day,7,2017,1,0.0056406124093473006
wave pool,7,2017,1,0.0056406124093473006
wrist band,7,2017,1,0.0056406124093473006
00 pm,6,2017,1,0.004834810636583401
15 mins,6,2017,1,0.004834810636583401
2 days,6,2017,1,0.004834810636583401
2 people,6,2017,1,0.004834810636583401
4 times,6,2017,1,0.004834810636583401
aloha kitchen,6,2017,1,0.004834810636583401
buy tickets,6,2017,1,0.004834810636583401
car wash,6,2017,1,0.004834810636583401
complete waste,6,2017,1,0.004834810636583401
dining experience,6,2017,1,0.004834810636583401
entire time,6,2017,1,0.004834810636583401
eye contact,6,2017,1,0.004834810636583401
falling asleep,6,2017,1,0.004834810636583401
customer service,126,2016,1,0.09084354722422494
10 minutes,56,2016,1,0.04037490987743331
30 minutes,48,2016,1,0.03460706560922855
20 minutes,41,2016,1,0.029560201874549386
las vegas,35,2016,1,0.025234318673395817
15 minutes,34,2016,1,0.024513338139870222
hot chocolate,30,2016,1,0.021629416005767843
terrible service,24,2016,1,0.017303532804614274
1 2,23,2016,1,0.01658255227108868
ice cream,23,2016,1,0.01658255227108868
5 minutes,22,2016,1,0.015861571737563085
frozen hot,22,2016,1,0.015861571737563085
happy hour,22,2016,1,0.015861571737563085
1 star,21,2016,1,0.01514059120403749
2 hours,21,2016,1,0.01514059120403749
45 minutes,21,2016,1,0.01514059120403749
worst service,21,2016,1,0.01514059120403749
bad service,19,2016,1,0.0136986301369863
horrible service,19,2016,1,0.0136986301369863
extremely rude,17,2016,1,0.012256669069935111
worst experience,17,2016,1,0.012256669069935111
nthe food,16,2016,1,0.011535688536409516
credit card,15,2016,1,0.010814708002883922
terrible experience,15,2016,1,0.010814708002883922
bad experience,14,2016,1,0.010093727469358327
cafe rio,14,2016,1,0.010093727469358327
italian grotto,14,2016,1,0.010093727469358327
multiple times,14,2016,1,0.010093727469358327
parking lot,14,2016,1,0.010093727469358327
poor service,14,2016,1,0.010093727469358327
3 times,13,2016,1,0.009372746935832732
horrible customer,13,2016,1,0.009372746935832732
40 minutes,12,2016,1,0.008651766402307137
bad food,12,2016,1,0.008651766402307137
fremont street,12,2016,1,0.008651766402307137
wait staff,12,2016,1,0.008651766402307137
worst customer,12,2016,1,0.008651766402307137
1 hour,11,2016,1,0.007930785868781542
90 minutes,11,2016,1,0.007930785868781542
extremely disappointed,11,2016,1,0.007930785868781542
fried chicken,11,2016,1,0.007930785868781542
horrible experience,11,2016,1,0.007930785868781542
saturday night,11,2016,1,0.007930785868781542
30 mins,10,2016,1,0.007209805335255948
food poisoning,10,2016,1,0.007209805335255948
menu items,10,2016,1,0.007209805335255948
months ago,10,2016,1,0.007209805335255948
0 stars,9,2016,1,0.006488824801730353
15 min,9,2016,1,0.006488824801730353
front desk,9,2016,1,0.006488824801730353
italian food,9,2016,1,0.006488824801730353
mexican food,9,2016,1,0.006488824801730353
security guard,9,2016,1,0.006488824801730353
security guards,9,2016,1,0.006488824801730353
star rating,9,2016,1,0.006488824801730353
swap meet,9,2016,1,0.006488824801730353
turkey leg,9,2016,1,0.006488824801730353
wait time,9,2016,1,0.006488824801730353
yelp reviews,9,2016,1,0.006488824801730353
25 minutes,8,2016,1,0.005767844268204758
3 4,8,2016,1,0.005767844268204758
3 hours,8,2016,1,0.005767844268204758
chicken sandwich,8,2016,1,0.005767844268204758
coffee shop,8,2016,1,0.005767844268204758
door dash,8,2016,1,0.005767844268204758
live music,8,2016,1,0.005767844268204758
negative review,8,2016,1,0.005767844268204758
negative reviews,8,2016,1,0.005767844268204758
negative stars,8,2016,1,0.005767844268204758
spring training,8,2016,1,0.005767844268204758
star reviews,8,2016,1,0.005767844268204758
terrible food,8,2016,1,0.005767844268204758
10 mins,7,2016,1,0.005046863734679163
2 days,7,2016,1,0.005046863734679163
bad day,7,2016,1,0.005046863734679163
casa loma,7,2016,1,0.005046863734679163
cell phone,7,2016,1,0.005046863734679163
chicken strips,7,2016,1,0.005046863734679163
cirque du,7,2016,1,0.005046863734679163
corned beef,7,2016,1,0.005046863734679163
dining experience,7,2016,1,0.005046863734679163
du soleil,7,2016,1,0.005046863734679163
entire time,7,2016,1,0.005046863734679163
front door,7,2016,1,0.005046863734679163
grilled cheese,7,2016,1,0.005046863734679163
iphone 5,7,2016,1,0.005046863734679163
mediocre food,7,2016,1,0.005046863734679163
minute wait,7,2016,1,0.005046863734679163
nthe bad,7,2016,1,0.005046863734679163
phone calls,7,2016,1,0.005046863734679163
serendipity 3,7,2016,1,0.005046863734679163
service food,7,2016,1,0.005046863734679163
slow service,7,2016,1,0.005046863734679163
weeks ago,7,2016,1,0.005046863734679163
worst restaurant,7,2016,1,0.005046863734679163
10 15,6,2016,1,0.004325883201153569
10 30,6,2016,1,0.004325883201153569
2 weeks,6,2016,1,0.004325883201153569
4 people,6,2016,1,0.004325883201153569
40 mins,6,2016,1,0.004325883201153569
hot chocolate,55,2015,2,0.05203405865657521
frozen hot,46,2015,2,0.043519394512771994
customer service,40,2015,2,0.03784295175023652
20 minutes,35,2015,2,0.033112582781456956
2 stars,27,2015,2,0.02554399243140965
ice cream,27,2015,2,0.02554399243140965
las vegas,27,2015,2,0.02554399243140965
10 minutes,25,2015,2,0.023651844843897825
hot dog,24,2015,2,0.02270577105014191
nthe food,24,2015,2,0.02270577105014191
15 minutes,20,2015,2,0.01892147587511826
30 minutes,20,2015,2,0.01892147587511826
happy hour,17,2015,2,0.01608325449385052
onion rings,17,2015,2,0.01608325449385052
grilled cheese,16,2015,2,0.015137180700094607
cirque du,15,2015,2,0.014191106906338695
poor service,15,2015,2,0.014191106906338695
du soleil,14,2015,2,0.013245033112582781
fremont street,13,2015,2,0.01229895931882687
5 minutes,12,2015,2,0.011352885525070956
dining experience,12,2015,2,0.011352885525070956
parking lot,12,2015,2,0.011352885525070956
wait staff,12,2015,2,0.011352885525070956
1 2,11,2015,2,0.010406811731315043
friday night,11,2015,2,0.010406811731315043
wave pool,11,2015,2,0.010406811731315043
bad day,10,2015,2,0.00946073793755913
food trucks,10,2015,2,0.00946073793755913
fried chicken,10,2015,2,0.00946073793755913
mexican food,10,2015,2,0.00946073793755913
whipped cream,10,2015,2,0.00946073793755913
2 hours,9,2015,2,0.008514664143803218
45 minutes,9,2015,2,0.008514664143803218
bbq chicken,9,2015,2,0.008514664143803218
chicken sandwich,9,2015,2,0.008514664143803218
nthe service,9,2015,2,0.008514664143803218
pulled pork,9,2015,2,0.008514664143803218
red rice,9,2015,2,0.008514664143803218
saturday night,9,2015,2,0.008514664143803218
1 star,8,2015,2,0.007568590350047304
5 stars,8,2015,2,0.007568590350047304
bad service,8,2015,2,0.007568590350047304
cirque de,8,2015,2,0.007568590350047304
live music,8,2015,2,0.007568590350047304
write home,8,2015,2,0.007568590350047304
yelp reviews,8,2015,2,0.007568590350047304
2 star,7,2015,2,0.006622516556291391
25 minutes,7,2015,2,0.006622516556291391
birthday party,7,2015,2,0.006622516556291391
chicken wings,7,2015,2,0.006622516556291391
cold brew,7,2015,2,0.006622516556291391
grilled chicken,7,2015,2,0.006622516556291391
iced tea,7,2015,2,0.006622516556291391
slow service,7,2015,2,0.006622516556291391
station square,7,2015,2,0.006622516556291391
street performers,7,2015,2,0.006622516556291391
terrible service,7,2015,2,0.006622516556291391
wait time,7,2015,2,0.006622516556291391
2 people,6,2015,2,0.005676442762535478
4 people,6,2015,2,0.005676442762535478
4 times,6,2015,2,0.005676442762535478
40 minutes,6,2015,2,0.005676442762535478
bbq sauce,6,2015,2,0.005676442762535478
beer selection,6,2015,2,0.005676442762535478
chain restaurants,6,2015,2,0.005676442762535478
credit card,6,2015,2,0.005676442762535478
entire time,6,2015,2,0.005676442762535478
eye contact,6,2015,2,0.005676442762535478
farmers market,6,2015,2,0.005676442762535478
fish tacos,6,2015,2,0.005676442762535478
food quality,6,2015,2,0.005676442762535478
food truck,6,2015,2,0.005676442762535478
french toast,6,2015,2,0.005676442762535478
gift shop,6,2015,2,0.005676442762535478
hand pulled,6,2015,2,0.005676442762535478
hob nobs,6,2015,2,0.005676442762535478
left feeling,6,2015,2,0.005676442762535478
local food,6,2015,2,0.005676442762535478
mediocre food,6,2015,2,0.005676442762535478
people waiting,6,2015,2,0.005676442762535478
pork sandwich,6,2015,2,0.005676442762535478
pretty disappointed,6,2015,2,0.005676442762535478
price tag,6,2015,2,0.005676442762535478
serendipity 3,6,2015,2,0.005676442762535478
white rice,6,2015,2,0.005676442762535478
15 mins,5,2015,2,0.004730368968779565
bad experience,5,2015,2,0.004730368968779565
cheese curds,5,2015,2,0.004730368968779565
chicken kelaguen,5,2015,2,0.004730368968779565
chili oil,5,2015,2,0.004730368968779565
couple times,5,2015,2,0.004730368968779565
dance floor,5,2015,2,0.004730368968779565
de soleil,5,2015,2,0.004730368968779565
deep fried,5,2015,2,0.004730368968779565
farmer's market,5,2015,2,0.004730368968779565
food items,5,2015,2,0.004730368968779565
food options,5,2015,2,0.004730368968779565
free tickets,5,2015,2,0.004730368968779565
french fries,5,2015,2,0.004730368968779565
gluten free,5,2015,2,0.004730368968779565
las vegas,42,2018,3,0.042726347914547304
3 stars,33,2018,3,0.0335707019328586
ice cream,30,2018,3,0.030518819938962362
fremont street,28,2018,3,0.028484231943031537
customer service,26,2018,3,0.026449643947100712
du soleil,23,2018,3,0.023397761953204477
happy hour,23,2018,3,0.023397761953204477
cirque du,22,2018,3,0.022380467955239063
nthe food,19,2018,3,0.019328585961342827
pulled pork,19,2018,3,0.019328585961342827
cheese curds,18,2018,3,0.018311291963377416
parking lot,16,2018,3,0.01627670396744659
pretty cool,16,2018,3,0.01627670396744659
20 minutes,14,2018,3,0.014242115971515769
hot chocolate,14,2018,3,0.014242115971515769
4 stars,12,2018,3,0.012207527975584944
5 stars,12,2018,3,0.012207527975584944
cactus garden,12,2018,3,0.012207527975584944
container park,12,2018,3,0.012207527975584944
food options,12,2018,3,0.012207527975584944
super friendly,12,2018,3,0.012207527975584944
15 minutes,11,2018,3,0.011190233977619531
gift shop,11,2018,3,0.011190233977619531
golden nugget,11,2018,3,0.011190233977619531
onion rings,11,2018,3,0.011190233977619531
write home,11,2018,3,0.011190233977619531
30 minutes,10,2018,3,0.01017293997965412
bbq sauce,10,2018,3,0.01017293997965412
pork belly,10,2018,3,0.01017293997965412
saturday night,10,2018,3,0.01017293997965412
zip line,10,2018,3,0.01017293997965412
10 minutes,9,2018,3,0.009155645981688708
family friendly,9,2018,3,0.009155645981688708
food truck,9,2018,3,0.009155645981688708
grilled cheese,9,2018,3,0.009155645981688708
live music,9,2018,3,0.009155645981688708
nhttps www,9,2018,3,0.009155645981688708
nthe service,9,2018,3,0.009155645981688708
red rice,9,2018,3,0.009155645981688708
street performers,9,2018,3,0.009155645981688708
www yelp,9,2018,3,0.009155645981688708
3 select,8,2018,3,0.008138351983723296
45 minutes,8,2018,3,0.008138351983723296
beet salad,8,2018,3,0.008138351983723296
biz_photos ethel,8,2018,3,0.008138351983723296
breakfast sandwich,8,2018,3,0.008138351983723296
chocolate henderson,8,2018,3,0.008138351983723296
credit card,8,2018,3,0.008138351983723296
friday night,8,2018,3,0.008138351983723296
henderson 3,8,2018,3,0.008138351983723296
penn teller,8,2018,3,0.008138351983723296
people watching,8,2018,3,0.008138351983723296
street experience,8,2018,3,0.008138351983723296
wait staff,8,2018,3,0.008138351983723296
wave pool,8,2018,3,0.008138351983723296
1 2,7,2018,3,0.007121057985757884
4 5,7,2018,3,0.007121057985757884
5 star,7,2018,3,0.007121057985757884
chopped salad,7,2018,3,0.007121057985757884
coffee shop,7,2018,3,0.007121057985757884
outdoor seating,7,2018,3,0.007121057985757884
price tag,7,2018,3,0.007121057985757884
tickets online,7,2018,3,0.007121057985757884
vegan options,7,2018,3,0.007121057985757884
wait time,7,2018,3,0.007121057985757884
zoo lights,7,2018,3,0.007121057985757884
3 5,6,2018,3,0.006103763987792472
average food,6,2018,3,0.006103763987792472
bit disappointed,6,2018,3,0.006103763987792472
blue cheese,6,2018,3,0.006103763987792472
box office,6,2018,3,0.006103763987792472
chicken tacos,6,2018,3,0.006103763987792472
decent food,6,2018,3,0.006103763987792472
french toast,6,2018,3,0.006103763987792472
highly recommend,6,2018,3,0.006103763987792472
mexican food,6,2018,3,0.006103763987792472
ping pong,6,2018,3,0.006103763987792472
red wine,6,2018,3,0.006103763987792472
served cold,6,2018,3,0.006103763987792472
vegas strip,6,2018,3,0.006103763987792472
10 15,5,2018,3,0.00508646998982706
10 mins,5,2018,3,0.00508646998982706
15 mins,5,2018,3,0.00508646998982706
2 hours,5,2018,3,0.00508646998982706
2 stars,5,2018,3,0.00508646998982706
3 times,5,2018,3,0.00508646998982706
4 star,5,2018,3,0.00508646998982706
aunt chiladas,5,2018,3,0.00508646998982706
bad night,5,2018,3,0.00508646998982706
bread pudding,5,2018,3,0.00508646998982706
cafeteria style,5,2018,3,0.00508646998982706
christmas market,5,2018,3,0.00508646998982706
cider donuts,5,2018,3,0.00508646998982706
citizen public,5,2018,3,0.00508646998982706
coca cola,5,2018,3,0.00508646998982706
couple times,5,2018,3,0.00508646998982706
decent selection,5,2018,3,0.00508646998982706
english muffin,5,2018,3,0.00508646998982706
eye contact,5,2018,3,0.00508646998982706
fast food,5,2018,3,0.00508646998982706
las vegas,164,2017,4,0.06401249024199844
ice cream,123,2017,4,0.04800936768149883
fremont street,71,2017,4,0.02771272443403591
happy hour,70,2017,4,0.0273224043715847
highly recommend,61,2017,4,0.023809523809523808
5 stars,60,2017,4,0.0234192037470726
4 stars,50,2017,4,0.0195160031225605
gift shop,47,2017,4,0.01834504293520687
pretty cool,47,2017,4,0.01834504293520687
cirque du,45,2017,4,0.01756440281030445
cheese curds,43,2017,4,0.01678376268540203
parking lot,41,2017,4,0.01600312256049961
tour guide,40,2017,4,0.0156128024980484
du soleil,38,2017,4,0.01483216237314598
live music,37,2017,4,0.01444184231069477
pulled pork,34,2017,4,0.01327088212334114
customer service,33,2017,4,0.01288056206088993
nthe food,30,2017,4,0.0117096018735363
street experience,30,2017,4,0.0117096018735363
1 2,29,2017,4,0.01131928181108509
cactus garden,29,2017,4,0.01131928181108509
4 5,28,2017,4,0.01092896174863388
food trucks,28,2017,4,0.01092896174863388
super friendly,28,2017,4,0.01092896174863388
friendly staff,27,2017,4,0.01053864168618267
people watching,27,2017,4,0.01053864168618267
coca cola,26,2017,4,0.01014832162373146
fried chicken,26,2017,4,0.01014832162373146
outdoor seating,26,2017,4,0.01014832162373146
coffee shop,25,2017,4,0.00975800156128025
red rice,25,2017,4,0.00975800156128025
15 minutes,24,2017,4,0.00936768149882904
bit ly,24,2017,4,0.00936768149882904
http bit,24,2017,4,0.00936768149882904
onion rings,24,2017,4,0.00936768149882904
30 minutes,23,2017,4,0.00897736143637783
family friendly,23,2017,4,0.00897736143637783
french toast,23,2017,4,0.00897736143637783
hot chocolate,23,2017,4,0.00897736143637783
pad thai,23,2017,4,0.00897736143637783
sweet potato,23,2017,4,0.00897736143637783
friday night,22,2017,4,0.00858704137392662
saturday night,22,2017,4,0.00858704137392662
chicken sandwich,21,2017,4,0.00819672131147541
food options,21,2017,4,0.00819672131147541
neon museum,21,2017,4,0.00819672131147541
red rock,21,2017,4,0.00819672131147541
street performers,21,2017,4,0.00819672131147541
casa loma,20,2017,4,0.0078064012490242
goat cheese,20,2017,4,0.0078064012490242
guided tour,20,2017,4,0.0078064012490242
root beer,20,2017,4,0.0078064012490242
10 minutes,19,2017,4,0.00741608118657299
bbq chicken,19,2017,4,0.00741608118657299
bar food,18,2017,4,0.00702576112412178
gluten free,18,2017,4,0.00702576112412178
photo http,18,2017,4,0.00702576112412178
story line,18,2017,4,0.00702576112412178
beer selection,17,2017,4,0.00663544106167057
free parking,17,2017,4,0.00663544106167057
pork belly,17,2017,4,0.00663544106167057
super fun,17,2017,4,0.00663544106167057
wide variety,17,2017,4,0.00663544106167057
3 5,16,2017,4,0.00624512099921936
5 star,16,2017,4,0.00624512099921936
pleasantly surprised,16,2017,4,0.00624512099921936
street parking,16,2017,4,0.00624512099921936
strip mall,16,2017,4,0.00624512099921936
vegas strip,16,2017,4,0.00624512099921936
zip line,16,2017,4,0.00624512099921936
food truck,15,2017,4,0.00585480093676815
friendly service,15,2017,4,0.00585480093676815
grilled cheese,15,2017,4,0.00585480093676815
mashed potatoes,15,2017,4,0.00585480093676815
menu items,15,2017,4,0.00585480093676815
nthe service,15,2017,4,0.00585480093676815
worth checking,15,2017,4,0.00585480093676815
20 minutes,14,2017,4,0.00546448087431694
bbq sauce,14,2017,4,0.00546448087431694
board games,14,2017,4,0.00546448087431694
chicken salad,14,2017,4,0.00546448087431694
cooked perfectly,14,2017,4,0.00546448087431694
delicious food,14,2017,4,0.00546448087431694
peanut butter,14,2017,4,0.00546448087431694
5 5,13,2017,4,0.00507416081186573
bit pricey,13,2017,4,0.00507416081186573
deep fried,13,2017,4,0.00507416081186573
food court,13,2017,4,0.00507416081186573
fried rice,13,2017,4,0.00507416081186573
mexican food,13,2017,4,0.00507416081186573
nthe staff,13,2017,4,0.00507416081186573
short ribs,13,2017,4,0.00507416081186573
white chocolate,13,2017,4,0.00507416081186573
bad seats,12,2017,4,0.00468384074941452
breakfast sandwich,12,2017,4,0.00468384074941452
container park,12,2017,4,0.00468384074941452
huge fan,12,2017,4,0.00468384074941452
kid friendly,12,2017,4,0.00468384074941452
love coming,12,2017,4,0.00468384074941452
love love,12,2017,4,0.00468384074941452
hot chocolate,73,2016,2,0.06734317343173432
frozen hot,64,2016,2,0.05904059040590406
customer service,43,2016,2,0.03966789667896679
2 stars,31,2016,2,0.02859778597785978
10 minutes,29,2016,2,0.026752767527675275
ice cream,28,2016,2,0.025830258302583026
las vegas,25,2016,2,0.023062730627306273
15 minutes,24,2016,2,0.02214022140221402
20 minutes,24,2016,2,0.02214022140221402
30 minutes,24,2016,2,0.02214022140221402
nthe food,22,2016,2,0.02029520295202952
fremont street,18,2016,2,0.016605166051660517
du soleil,17,2016,2,0.015682656826568265
cirque du,16,2016,2,0.014760147601476014
serendipity 3,13,2016,2,0.011992619926199263
bbq sauce,12,2016,2,0.01107011070110701
chicken sandwich,12,2016,2,0.01107011070110701
multiple times,12,2016,2,0.01107011070110701
onion rings,12,2016,2,0.01107011070110701
25 minutes,11,2016,2,0.01014760147601476
45 minutes,11,2016,2,0.01014760147601476
5 star,11,2016,2,0.01014760147601476
coffee shop,11,2016,2,0.01014760147601476
fell asleep,11,2016,2,0.01014760147601476
gluten free,11,2016,2,0.01014760147601476
star rating,11,2016,2,0.01014760147601476
5 stars,10,2016,2,0.00922509225092251
botanical gardens,10,2016,2,0.00922509225092251
mexican food,10,2016,2,0.00922509225092251
minute wait,10,2016,2,0.00922509225092251
peanut butter,10,2016,2,0.00922509225092251
saturday night,10,2016,2,0.00922509225092251
whipped cream,10,2016,2,0.00922509225092251
10 15,9,2016,2,0.008302583025830259
40 minutes,9,2016,2,0.008302583025830259
5 minutes,9,2016,2,0.008302583025830259
deep fried,9,2016,2,0.008302583025830259
extra star,9,2016,2,0.008302583025830259
food arrived,9,2016,2,0.008302583025830259
food truck,9,2016,2,0.008302583025830259
goat cheese,9,2016,2,0.008302583025830259
grilled cheese,9,2016,2,0.008302583025830259
happy hour,9,2016,2,0.008302583025830259
hot dog,9,2016,2,0.008302583025830259
le reve,9,2016,2,0.008302583025830259
mexican restaurant,9,2016,2,0.008302583025830259
credit card,8,2016,2,0.007380073800738007
hot chocolates,8,2016,2,0.007380073800738007
nthe service,8,2016,2,0.007380073800738007
story line,8,2016,2,0.007380073800738007
wait staff,8,2016,2,0.007380073800738007
1 star,7,2016,2,0.006457564575645757
2 star,7,2016,2,0.006457564575645757
bad taste,7,2016,2,0.006457564575645757
chicken salad,7,2016,2,0.006457564575645757
food service,7,2016,2,0.006457564575645757
hand pulled,7,2016,2,0.006457564575645757
horrible service,7,2016,2,0.006457564575645757
prime rib,7,2016,2,0.006457564575645757
pulled pork,7,2016,2,0.006457564575645757
slow service,7,2016,2,0.006457564575645757
sour cream,7,2016,2,0.006457564575645757
write home,7,2016,2,0.006457564575645757
1 2,6,2016,2,0.005535055350553505
1 hour,6,2016,2,0.005535055350553505
2 3,6,2016,2,0.005535055350553505
banana split,6,2016,2,0.005535055350553505
counter tops,6,2016,2,0.005535055350553505
friday night,6,2016,2,0.005535055350553505
jiggs dinner,6,2016,2,0.005535055350553505
live music,6,2016,2,0.005535055350553505
menu items,6,2016,2,0.005535055350553505
pad thai,6,2016,2,0.005535055350553505
taste fresh,6,2016,2,0.005535055350553505
terrible service,6,2016,2,0.005535055350553505
00 pm,5,2016,2,0.004612546125461255
3 times,5,2016,2,0.004612546125461255
bad day,5,2016,2,0.004612546125461255
bad experience,5,2016,2,0.004612546125461255
bad service,5,2016,2,0.004612546125461255
beer selection,5,2016,2,0.004612546125461255
blue cheese,5,2016,2,0.004612546125461255
bread pudding,5,2016,2,0.004612546125461255
cafe rio,5,2016,2,0.004612546125461255
cell phone,5,2016,2,0.004612546125461255
cheese curds,5,2016,2,0.004612546125461255
cheese fries,5,2016,2,0.004612546125461255
chicken strips,5,2016,2,0.004612546125461255
chinese chicken,5,2016,2,0.004612546125461255
corned beef,5,2016,2,0.004612546125461255
desert botanical,5,2016,2,0.004612546125461255
entire time,5,2016,2,0.004612546125461255
extremely slow,5,2016,2,0.004612546125461255
eye contact,5,2016,2,0.004612546125461255
food quality,5,2016,2,0.004612546125461255
friendly staff,5,2016,2,0.004612546125461255
frrrozen hot,5,2016,2,0.004612546125461255
homeless people,5,2016,2,0.004612546125461255
laser tag,5,2016,2,0.004612546125461255
mac cheese,5,2016,2,0.004612546125461255
hot chocolate,111,2015,3,0.06472303206997085
las vegas,89,2015,3,0.051895043731778424
frozen hot,86,2015,3,0.05014577259475218
3 stars,70,2015,3,0.04081632653061224
ice cream,68,2015,3,0.03965014577259475
customer service,37,2015,3,0.021574344023323616
nthe food,34,2015,3,0.019825072886297375
cheese curds,32,2015,3,0.018658892128279883
happy hour,27,2015,3,0.01574344023323615
5 stars,26,2015,3,0.015160349854227406
20 minutes,25,2015,3,0.014577259475218658
4 stars,25,2015,3,0.014577259475218658
pulled pork,25,2015,3,0.014577259475218658
deep fried,24,2015,3,0.013994169096209912
30 minutes,23,2015,3,0.013411078717201166
french toast,23,2015,3,0.013411078717201166
15 minutes,22,2015,3,0.01282798833819242
onion rings,21,2015,3,0.012244897959183673
peanut butter,20,2015,3,0.011661807580174927
whipped cream,20,2015,3,0.011661807580174927
serendipity 3,19,2015,3,0.011078717201166181
container park,18,2015,3,0.010495626822157435
du soleil,18,2015,3,0.010495626822157435
noodle soup,18,2015,3,0.010495626822157435
pretty cool,18,2015,3,0.010495626822157435
cirque du,17,2015,3,0.009912536443148687
pedestrian bridges,17,2015,3,0.009912536443148687
food building,16,2015,3,0.009329446064139942
live music,16,2015,3,0.009329446064139942
tour guide,16,2015,3,0.009329446064139942
5 star,15,2015,3,0.008746355685131196
casa loma,15,2015,3,0.008746355685131196
food truck,15,2015,3,0.008746355685131196
friday night,15,2015,3,0.008746355685131196
parking lot,15,2015,3,0.008746355685131196
red rice,15,2015,3,0.008746355685131196
1 2,14,2015,3,0.00816326530612245
10 minutes,14,2015,3,0.00816326530612245
coffee shop,14,2015,3,0.00816326530612245
fremont street,14,2015,3,0.00816326530612245
nthe service,14,2015,3,0.00816326530612245
beef noodle,13,2015,3,0.007580174927113703
beer selection,13,2015,3,0.007580174927113703
grilled cheese,13,2015,3,0.007580174927113703
vegas strip,13,2015,3,0.007580174927113703
3.5 stars,12,2015,3,0.006997084548104956
5 minutes,12,2015,3,0.006997084548104956
bbq sauce,12,2015,3,0.006997084548104956
outdoor seating,12,2015,3,0.006997084548104956
www yelp,12,2015,3,0.006997084548104956
40 minutes,11,2015,3,0.00641399416909621
chow mein,11,2015,3,0.00641399416909621
fish tacos,11,2015,3,0.00641399416909621
fried chicken,11,2015,3,0.00641399416909621
gift shop,11,2015,3,0.00641399416909621
hot dog,11,2015,3,0.00641399416909621
pad thai,11,2015,3,0.00641399416909621
2 stars,10,2015,3,0.0058309037900874635
3 4,10,2015,3,0.0058309037900874635
chili oil,10,2015,3,0.0058309037900874635
coca cola,10,2015,3,0.0058309037900874635
decent food,10,2015,3,0.0058309037900874635
eggs benedict,10,2015,3,0.0058309037900874635
food options,10,2015,3,0.0058309037900874635
gluten free,10,2015,3,0.0058309037900874635
sweet potato,10,2015,3,0.0058309037900874635
tipsy cow,10,2015,3,0.0058309037900874635
total rewards,10,2015,3,0.0058309037900874635
wait staff,10,2015,3,0.0058309037900874635
write home,10,2015,3,0.0058309037900874635
3 5,9,2015,3,0.0052478134110787176
3 star,9,2015,3,0.0052478134110787176
4 5,9,2015,3,0.0052478134110787176
beef pancakes,9,2015,3,0.0052478134110787176
chicken salad,9,2015,3,0.0052478134110787176
fiesta plate,9,2015,3,0.0052478134110787176
hip hop,9,2015,3,0.0052478134110787176
http www,9,2015,3,0.0052478134110787176
lobster tacos,9,2015,3,0.0052478134110787176
minute wait,9,2015,3,0.0052478134110787176
people watching,9,2015,3,0.0052478134110787176
saturday night,9,2015,3,0.0052478134110787176
sour cream,9,2015,3,0.0052478134110787176
wave pool,9,2015,3,0.0052478134110787176
wow factor,9,2015,3,0.0052478134110787176
45 minutes,8,2015,3,0.004664723032069971
bit overpriced,8,2015,3,0.004664723032069971
dining experience,8,2015,3,0.004664723032069971
egg plant,8,2015,3,0.004664723032069971
farmers market,8,2015,3,0.004664723032069971
food trucks,8,2015,3,0.004664723032069971
fremont east,8,2015,3,0.004664723032069971
frrrozen hot,8,2015,3,0.004664723032069971
grocery store,8,2015,3,0.004664723032069971
hour wait,8,2015,3,0.004664723032069971
huge fan,8,2015,3,0.004664723032069971
lazy river,8,2015,3,0.004664723032069971
ni love,8,2015,3,0.004664723032069971
nice atmosphere,8,2015,3,0.004664723032069971
pork belly,8,2015,3,0.004664723032069971
hot chocolate,110,2016,3,0.07457627118644068
frozen hot,97,2016,3,0.06576271186440678
ice cream,75,2016,3,0.05084745762711865
3 stars,65,2016,3,0.04406779661016949
las vegas,49,2016,3,0.033220338983050844
customer service,33,2016,3,0.022372881355932205
cirque du,32,2016,3,0.02169491525423729
nthe food,32,2016,3,0.02169491525423729
happy hour,30,2016,3,0.020338983050847456
du soleil,29,2016,3,0.01966101694915254
30 minutes,27,2016,3,0.01830508474576271
10 minutes,23,2016,3,0.015593220338983051
onion rings,22,2016,3,0.014915254237288136
pretty cool,21,2016,3,0.01423728813559322
deep fried,19,2016,3,0.01288135593220339
fremont street,19,2016,3,0.01288135593220339
live music,19,2016,3,0.01288135593220339
15 minutes,18,2016,3,0.012203389830508475
20 minutes,17,2016,3,0.01152542372881356
saturday night,17,2016,3,0.01152542372881356
whipped cream,17,2016,3,0.01152542372881356
5 stars,16,2016,3,0.010847457627118645
parking lot,16,2016,3,0.010847457627118645
bbq sauce,15,2016,3,0.010169491525423728
coca cola,15,2016,3,0.010169491525423728
fried oreo,14,2016,3,0.009491525423728813
nthe service,14,2016,3,0.009491525423728813
pad thai,13,2016,3,0.008813559322033898
1 2,12,2016,3,0.008135593220338983
oreo sundae,11,2016,3,0.007457627118644068
peanut butter,11,2016,3,0.007457627118644068
super friendly,11,2016,3,0.007457627118644068
2 stars,10,2016,3,0.006779661016949152
cheese curds,10,2016,3,0.006779661016949152
chicken sandwich,10,2016,3,0.006779661016949152
fell asleep,10,2016,3,0.006779661016949152
friday night,10,2016,3,0.006779661016949152
hot dog,10,2016,3,0.006779661016949152
outdoor seating,10,2016,3,0.006779661016949152
portion sizes,10,2016,3,0.006779661016949152
story line,10,2016,3,0.006779661016949152
sweet potato,10,2016,3,0.006779661016949152
tour guide,10,2016,3,0.006779661016949152
vegas strip,10,2016,3,0.006779661016949152
5 star,9,2016,3,0.006101694915254237
carrot cake,9,2016,3,0.006101694915254237
french toast,9,2016,3,0.006101694915254237
fried chicken,9,2016,3,0.006101694915254237
gluten free,9,2016,3,0.006101694915254237
goat cheese,9,2016,3,0.006101694915254237
menu items,9,2016,3,0.006101694915254237
people watching,9,2016,3,0.006101694915254237
potato fries,9,2016,3,0.006101694915254237
slow service,9,2016,3,0.006101694915254237
wait time,9,2016,3,0.006101694915254237
wow factor,9,2016,3,0.006101694915254237
3 5,8,2016,3,0.005423728813559322
3 star,8,2016,3,0.005423728813559322
average food,8,2016,3,0.005423728813559322
beer cheese,8,2016,3,0.005423728813559322
board games,8,2016,3,0.005423728813559322
cactus garden,8,2016,3,0.005423728813559322
chopped salad,8,2016,3,0.005423728813559322
dining experience,8,2016,3,0.005423728813559322
family friendly,8,2016,3,0.005423728813559322
fast food,8,2016,3,0.005423728813559322
french fries,8,2016,3,0.005423728813559322
la reve,8,2016,3,0.005423728813559322
laser tag,8,2016,3,0.005423728813559322
mashed potatoes,8,2016,3,0.005423728813559322
pecan brittle,8,2016,3,0.005423728813559322
polar bear,8,2016,3,0.005423728813559322
pulled pork,8,2016,3,0.005423728813559322
quack quack,8,2016,3,0.005423728813559322
tourist trap,8,2016,3,0.005423728813559322
wait staff,8,2016,3,0.005423728813559322
4 people,7,2016,3,0.0047457627118644066
45 minutes,7,2016,3,0.0047457627118644066
5 minutes,7,2016,3,0.0047457627118644066
banana split,7,2016,3,0.0047457627118644066
beef brisket,7,2016,3,0.0047457627118644066
beer selection,7,2016,3,0.0047457627118644066
botanical garden,7,2016,3,0.0047457627118644066
cake sundae,7,2016,3,0.0047457627118644066
casa loma,7,2016,3,0.0047457627118644066
chicken salad,7,2016,3,0.0047457627118644066
chicken strips,7,2016,3,0.0047457627118644066
coffee shop,7,2016,3,0.0047457627118644066
food options,7,2016,3,0.0047457627118644066
fried tofu,7,2016,3,0.0047457627118644066
front desk,7,2016,3,0.0047457627118644066
fun experience,7,2016,3,0.0047457627118644066
lazy river,7,2016,3,0.0047457627118644066
mexican food,7,2016,3,0.0047457627118644066
mgm grand,7,2016,3,0.0047457627118644066
mongolian beef,7,2016,3,0.0047457627118644066
nthe location,7,2016,3,0.0047457627118644066
nthe menu,7,2016,3,0.0047457627118644066
nthe staff,7,2016,3,0.0047457627118644066
red rice,7,2016,3,0.0047457627118644066
15 minutes,23,2018,2,0.0318118948824343
20 minutes,21,2018,2,0.029045643153526972
las vegas,21,2018,2,0.029045643153526972
2 stars,19,2018,2,0.02627939142461964
customer service,19,2018,2,0.02627939142461964
happy hour,18,2018,2,0.024896265560165973
ice cream,18,2018,2,0.024896265560165973
cirque du,17,2018,2,0.02351313969571231
du soleil,16,2018,2,0.022130013831258646
10 minutes,15,2018,2,0.02074688796680498
30 minutes,15,2018,2,0.02074688796680498
mexican food,14,2018,2,0.019363762102351315
fremont street,13,2018,2,0.017980636237897647
carne asada,11,2018,2,0.015214384508990318
1 2,10,2018,2,0.013831258644536652
poor service,10,2018,2,0.013831258644536652
5 minutes,9,2018,2,0.012448132780082987
medium rare,9,2018,2,0.012448132780082987
nthe food,9,2018,2,0.012448132780082987
saturday night,9,2018,2,0.012448132780082987
tour guide,9,2018,2,0.012448132780082987
wait staff,9,2018,2,0.012448132780082987
15 20,8,2018,2,0.011065006915629323
2 hours,8,2018,2,0.011065006915629323
5 stars,7,2018,2,0.009681881051175657
busy night,7,2018,2,0.009681881051175657
french fries,7,2018,2,0.009681881051175657
front desk,7,2018,2,0.009681881051175657
guided tour,7,2018,2,0.009681881051175657
mediocre food,7,2018,2,0.009681881051175657
people watching,7,2018,2,0.009681881051175657
prime rib,7,2018,2,0.009681881051175657
story line,7,2018,2,0.009681881051175657
tuna melt,7,2018,2,0.009681881051175657
30 min,6,2018,2,0.008298755186721992
box office,6,2018,2,0.008298755186721992
decent food,6,2018,2,0.008298755186721992
dining experience,6,2018,2,0.008298755186721992
engh engh,6,2018,2,0.008298755186721992
entire time,6,2018,2,0.008298755186721992
gift shop,6,2018,2,0.008298755186721992
huge disappointment,6,2018,2,0.008298755186721992
le reve,6,2018,2,0.008298755186721992
outdoor seating,6,2018,2,0.008298755186721992
parking lot,6,2018,2,0.008298755186721992
pay attention,6,2018,2,0.008298755186721992
positive reviews,6,2018,2,0.008298755186721992
street performers,6,2018,2,0.008298755186721992
tortilla chips,6,2018,2,0.008298755186721992
water park,6,2018,2,0.008298755186721992
wave pool,6,2018,2,0.008298755186721992
zip line,6,2018,2,0.008298755186721992
1 hour,5,2018,2,0.006915629322268326
1 star,5,2018,2,0.006915629322268326
10 min,5,2018,2,0.006915629322268326
15 mins,5,2018,2,0.006915629322268326
2 people,5,2018,2,0.006915629322268326
2 star,5,2018,2,0.006915629322268326
3 times,5,2018,2,0.006915629322268326
4 times,5,2018,2,0.006915629322268326
buy tickets,5,2018,2,0.006915629322268326
chicken fajitas,5,2018,2,0.006915629322268326
chopped salad,5,2018,2,0.006915629322268326
fell asleep,5,2018,2,0.006915629322268326
food arrived,5,2018,2,0.006915629322268326
friday night,5,2018,2,0.006915629322268326
greek salad,5,2018,2,0.006915629322268326
grilled chicken,5,2018,2,0.006915629322268326
haunted houses,5,2018,2,0.006915629322268326
hot dog,5,2018,2,0.006915629322268326
mexican restaurant,5,2018,2,0.006915629322268326
season passes,5,2018,2,0.006915629322268326
terrible service,5,2018,2,0.006915629322268326
veggie burger,5,2018,2,0.006915629322268326
yelp reviews,5,2018,2,0.006915629322268326
10 mins,4,2018,2,0.005532503457814661
2 3,4,2018,2,0.005532503457814661
4 people,4,2018,2,0.005532503457814661
5 mins,4,2018,2,0.005532503457814661
absolutely delicious,4,2018,2,0.005532503457814661
art museum,4,2018,2,0.005532503457814661
bad taste,4,2018,2,0.005532503457814661
bathing suit,4,2018,2,0.005532503457814661
breakfast burrito,4,2018,2,0.005532503457814661
butter chicken,4,2018,2,0.005532503457814661
de gallo,4,2018,2,0.005532503457814661
eggs benedict,4,2018,2,0.005532503457814661
food items,4,2018,2,0.005532503457814661
food options,4,2018,2,0.005532503457814661
food quality,4,2018,2,0.005532503457814661
fried pickles,4,2018,2,0.005532503457814661
gift card,4,2018,2,0.005532503457814661
goat cheese,4,2018,2,0.005532503457814661
grand canyon,4,2018,2,0.005532503457814661
guest services,4,2018,2,0.005532503457814661
highly recommend,4,2018,2,0.005532503457814661
home fries,4,2018,2,0.005532503457814661
homeless people,4,2018,2,0.005532503457814661
hot sauce,4,2018,2,0.005532503457814661
lacked flavor,4,2018,2,0.005532503457814661
