bigram,n,star,pec
pad thai,6,3,0.03571428571428571
3 stars,4,3,0.023809523809523808
charred broccoli,4,3,0.023809523809523808
abundant life,3,3,0.017857142857142856
banana fritters,3,3,0.017857142857142856
barley porridge,3,3,0.017857142857142856
french toast,3,3,0.017857142857142856
happy hour,3,3,0.017857142857142856
papaya salad,3,3,0.017857142857142856
pvc goodyear,3,3,0.017857142857142856
redemption church,3,3,0.017857142857142856
wild mushrooms,3,3,0.017857142857142856
1 2,2,3,0.011904761904761904
1 hour,2,3,0.011904761904761904
1st timer,2,3,0.011904761904761904
2 hours,2,3,0.011904761904761904
5 stars,2,3,0.011904761904761904
8 15,2,3,0.011904761904761904
brunch item,2,3,0.011904761904761904
cheese curds,2,3,0.011904761904761904
chicken breast,2,3,0.011904761904761904
church covenant,2,3,0.011904761904761904
denominational 2000,2,3,0.011904761904761904
fast food,2,3,0.011904761904761904
food experience,2,3,0.011904761904761904
god bless,2,3,0.011904761904761904
goodyear 1st,2,3,0.011904761904761904
holy spirit,2,3,0.011904761904761904
la job,2,3,0.011904761904761904
lemon cake,2,3,0.011904761904761904
loud rock,2,3,0.011904761904761904
mat 10,2,3,0.011904761904761904
measuring stick,2,3,0.011904761904761904
mish mash,2,3,0.011904761904761904
mixed nuts,2,3,0.011904761904761904
moo yahng,2,3,0.011904761904761904
natural lighting,2,3,0.011904761904761904
nice selection,2,3,0.011904761904761904
nortre dame,2,3,0.011904761904761904
olives edamame,2,3,0.011904761904761904
poached egg,2,3,0.011904761904761904
redemption tempe,2,3,0.011904761904761904
serving god,2,3,0.011904761904761904
som tum,2,3,0.011904761904761904
st paul's,2,3,0.011904761904761904
strawberry shortcake,2,3,0.011904761904761904
tofu tahini,2,3,0.011904761904761904
truffle fries,2,3,0.011904761904761904
typically run,2,3,0.011904761904761904
wat thai,2,3,0.011904761904761904
worldly poverty,2,3,0.011904761904761904
1 1,1,3,0.005952380952380952
1 43,1,3,0.005952380952380952
1 8,1,3,0.005952380952380952
1 main,1,3,0.005952380952380952
1 mat,1,3,0.005952380952380952
10 1,1,3,0.005952380952380952
10 2,1,3,0.005952380952380952
10 8,1,3,0.005952380952380952
10 bags,1,3,0.005952380952380952
10 redemption,1,3,0.005952380952380952
100 decibel's,1,3,0.005952380952380952
100plus degree,1,3,0.005952380952380952
102 decibels,1,3,0.005952380952380952
10am worship,1,3,0.005952380952380952
11am mass,1,3,0.005952380952380952
12 32,1,3,0.005952380952380952
12 heb,1,3,0.005952380952380952
13 8,1,3,0.005952380952380952
13 bean,1,3,0.005952380952380952
14 12,1,3,0.005952380952380952
14 16,1,3,0.005952380952380952
15 cad,1,3,0.005952380952380952
15 minutes,1,3,0.005952380952380952
15 service,1,3,0.005952380952380952
18 19,1,3,0.005952380952380952
18 2016,1,3,0.005952380952380952
19 joh,1,3,0.005952380952380952
1st time,1,3,0.005952380952380952
2 entrances,1,3,0.005952380952380952
2 months,1,3,0.005952380952380952
2 stars,1,3,0.005952380952380952
20 2013,1,3,0.005952380952380952
20 minutes,1,3,0.005952380952380952
2013 1,1,3,0.005952380952380952
2013 12,1,3,0.005952380952380952
2016 nsince,1,3,0.005952380952380952
21 2013,1,3,0.005952380952380952
21 dollar,1,3,0.005952380952380952
29 network,1,3,0.005952380952380952
2nd floor,1,3,0.005952380952380952
3 4,1,3,0.005952380952380952
3 bites,1,3,0.005952380952380952
3 chicken,1,3,0.005952380952380952
3 services,1,3,0.005952380952380952
3 slices,1,3,0.005952380952380952
3 times,1,3,0.005952380952380952
30 minute,1,3,0.005952380952380952
32 pm,1,3,0.005952380952380952
4 18,1,3,0.005952380952380952
las vegas,38,5,0.054285714285714284
highly recommend,29,5,0.041428571428571426
church home,22,5,0.03142857142857143
children's ministry,21,5,0.03
notre dame,17,5,0.024285714285714285
jesus christ,14,5,0.02
pad thai,13,5,0.018571428571428572
sunday morning,13,5,0.018571428571428572
wedding chapel,12,5,0.017142857142857144
beautiful church,11,5,0.015714285714285715
catholic church,10,5,0.014285714285714285
church family,10,5,0.014285714285714285
guided tour,10,5,0.014285714285714285
holy spirit,10,5,0.014285714285714285
parking lot,10,5,0.014285714285714285
amazing church,9,5,0.012857142857142857
bible based,9,5,0.012857142857142857
billy graham,9,5,0.012857142857142857
christian church,9,5,0.012857142857142857
fish fry,9,5,0.012857142857142857
absolutely love,8,5,0.011428571428571429
based church,8,5,0.011428571428571429
bible study,8,5,0.011428571428571429
gift shop,8,5,0.011428571428571429
god's word,8,5,0.011428571428571429
home church,8,5,0.011428571428571429
stained glass,8,5,0.011428571428571429
church service,7,5,0.01
food fair,7,5,0.01
god bless,7,5,0.01
nthis church,7,5,0.01
worship music,7,5,0.01
central church,6,5,0.008571428571428572
community church,6,5,0.008571428571428572
friday night,6,5,0.008571428571428572
friendly people,6,5,0.008571428571428572
impact church,6,5,0.008571428571428572
months ago,6,5,0.008571428571428572
nthe church,6,5,0.008571428571428572
park bruges,6,5,0.008571428571428572
real life,6,5,0.008571428571428572
rock concert,6,5,0.008571428571428572
20 minutes,5,5,0.007142857142857143
30 minutes,5,5,0.007142857142857143
30 pm,5,5,0.007142857142857143
attending mass,5,5,0.007142857142857143
awesome church,5,5,0.007142857142857143
baptist church,5,5,0.007142857142857143
bible studies,5,5,0.007142857142857143
catholic mass,5,5,0.007142857142857143
central christian,5,5,0.007142857142857143
dame basilica,5,5,0.007142857142857143
feel comfortable,5,5,0.007142857142857143
feel welcomed,5,5,0.007142857142857143
finally found,5,5,0.007142857142857143
highly recommended,5,5,0.007142857142857143
love god,5,5,0.007142857142857143
love love,5,5,0.007142857142857143
marriage license,5,5,0.007142857142857143
mega church,5,5,0.007142857142857143
montr al,5,5,0.007142857142857143
nthe main,5,5,0.007142857142857143
pastor anderson,5,5,0.007142857142857143
pastor joe,5,5,0.007142857142857143
pleasantly surprised,5,5,0.007142857142857143
real people,5,5,0.007142857142857143
roman catholic,5,5,0.007142857142857143
saturday night,5,5,0.007142857142857143
simple wedding,5,5,0.007142857142857143
sunday mornings,5,5,0.007142857142857143
sunday service,5,5,0.007142857142857143
top notch,5,5,0.007142857142857143
toronto wedding,5,5,0.007142857142857143
wedding ceremony,5,5,0.007142857142857143
5 stars,4,5,0.005714285714285714
6 30,4,5,0.005714285714285714
attend mass,4,5,0.005714285714285714
awe inspiring,4,5,0.005714285714285714
beautiful inside,4,5,0.005714285714285714
beautiful voice,4,5,0.005714285714285714
billy graham's,4,5,0.005714285714285714
book store,4,5,0.005714285714285714
celebrate recovery,4,5,0.005714285714285714
church love,4,5,0.005714285714285714
coffee shop,4,5,0.005714285714285714
eggs benedict,4,5,0.005714285714285714
everyday life,4,5,0.005714285714285714
free gift,4,5,0.005714285714285714
glass windows,4,5,0.005714285714285714
grace walk,4,5,0.005714285714285714
graham library,4,5,0.005714285714285714
graham's life,4,5,0.005714285714285714
henderson nv,4,5,0.005714285714285714
liberty baptist,4,5,0.005714285714285714
love coming,4,5,0.005714285714285714
main building,4,5,0.005714285714285714
nthe worship,4,5,0.005714285714285714
pastor jud,4,5,0.005714285714285714
pastor lee,4,5,0.005714285714285714
pastor travis,4,5,0.005714285714285714
food fair,7,4,0.028112449799196786
park bruges,7,4,0.028112449799196786
fish fry,6,4,0.024096385542168676
beautiful church,5,4,0.020080321285140562
monthly food,5,4,0.020080321285140562
oil change,5,4,0.020080321285140562
pad thai,5,4,0.020080321285140562
5 stars,4,4,0.01606425702811245
beef cheek,4,4,0.01606425702811245
nthe food,4,4,0.01606425702811245
prix fixe,4,4,0.01606425702811245
white wine,4,4,0.01606425702811245
wine sauce,4,4,0.01606425702811245
15 minutes,3,4,0.012048192771084338
chick fil,3,4,0.012048192771084338
cn tower,3,4,0.012048192771084338
gift shop,3,4,0.012048192771084338
highly recommend,3,4,0.012048192771084338
magic hour,3,4,0.012048192771084338
mont royal,3,4,0.012048192771084338
nthe service,3,4,0.012048192771084338
parking lot,3,4,0.012048192771084338
roast chicken,3,4,0.012048192771084338
saint joseph,3,4,0.012048192771084338
tiff building,3,4,0.012048192771084338
30 minutes,2,4,0.008032128514056224
absolutely stunning,2,4,0.008032128514056224
appetizer entree,2,4,0.008032128514056224
asian lady,2,4,0.008032128514056224
bean salad,2,4,0.008032128514056224
belgian waffle,2,4,0.008032128514056224
bible study,2,4,0.008032128514056224
bison tartare,2,4,0.008032128514056224
blue cheese,2,4,0.008032128514056224
braised beef,2,4,0.008032128514056224
bruges frites,2,4,0.008032128514056224
calvary chapel,2,4,0.008032128514056224
chaiya meditation,2,4,0.008032128514056224
chicken milanese,2,4,0.008032128514056224
christian church,2,4,0.008032128514056224
christmas service,2,4,0.008032128514056224
classic wine,2,4,0.008032128514056224
contemporary christian,2,4,0.008032128514056224
cooked perfectly,2,4,0.008032128514056224
crab cakes,2,4,0.008032128514056224
don m'a,2,4,0.008032128514056224
downtown toronto,2,4,0.008032128514056224
eggs benedict,2,4,0.008032128514056224
excellent service,2,4,0.008032128514056224
fish sandwich,2,4,0.008032128514056224
free coffee,2,4,0.008032128514056224
free methodist,2,4,0.008032128514056224
free oil,2,4,0.008032128514056224
goat cheese,2,4,0.008032128514056224
happy hour,2,4,0.008032128514056224
honey butter,2,4,0.008032128514056224
hour drinks,2,4,0.008032128514056224
huge deal,2,4,0.008032128514056224
iron steak,2,4,0.008032128514056224
la carte,2,4,0.008032128514056224
las vegas,2,4,0.008032128514056224
live speaker,2,4,0.008032128514056224
loose leaf,2,4,0.008032128514056224
luma chocolate,2,4,0.008032128514056224
m'a fait,2,4,0.008032128514056224
major holidays,2,4,0.008032128514056224
massage chairs,2,4,0.008032128514056224
meditation monastery,2,4,0.008032128514056224
minutes prior,2,4,0.008032128514056224
moules frites,2,4,0.008032128514056224
nfor dinner,2,4,0.008032128514056224
nice private,2,4,0.008032128514056224
nice wedding,2,4,0.008032128514056224
parmesan fries,2,4,0.008032128514056224
people watching,2,4,0.008032128514056224
perfectly cooked,2,4,0.008032128514056224
pleasant surprise,2,4,0.008032128514056224
pork skewers,2,4,0.008032128514056224
powdered sugar,2,4,0.008032128514056224
satellite campus,2,4,0.008032128514056224
service department,2,4,0.008032128514056224
short ribs,2,4,0.008032128514056224
sierra vista,2,4,0.008032128514056224
spanish mission,2,4,0.008032128514056224
stained glass,2,4,0.008032128514056224
street parking,2,4,0.008032128514056224
strip loin,2,4,0.008032128514056224
super cool,2,4,0.008032128514056224
tarte flambee,2,4,0.008032128514056224
thai burmese,2,4,0.008032128514056224
thrift store,2,4,0.008032128514056224
time favorite,2,4,0.008032128514056224
tomato risotto,2,4,0.008032128514056224
truffle parmesan,2,4,0.008032128514056224
twinkle lights,2,4,0.008032128514056224
vista arizona,2,4,0.008032128514056224
water features,2,4,0.008032128514056224
worship center,2,4,0.008032128514056224
worth checking,2,4,0.008032128514056224
1 4,1,4,0.004016064257028112
15 minutes,4,1,0.017699115044247787
holy spirit,4,1,0.017699115044247787
nthis church,4,1,0.017699115044247787
priority honda,4,1,0.017699115044247787
sales person,4,1,0.017699115044247787
bible study,3,1,0.01327433628318584
catholic church,3,1,0.01327433628318584
church lacks,3,1,0.01327433628318584
community church,3,1,0.01327433628318584
compton maxwell,3,1,0.01327433628318584
easter sunday,3,1,0.01327433628318584
elevation church,3,1,0.01327433628318584
freedom house,3,1,0.01327433628318584
holy water,3,1,0.01327433628318584
months ago,3,1,0.01327433628318584
penny compton,3,1,0.01327433628318584
phone call,3,1,0.01327433628318584
retreat center,3,1,0.01327433628318584
sales manager,3,1,0.01327433628318584
senior living,3,1,0.01327433628318584
service department,3,1,0.01327433628318584
00 pm,2,1,0.008849557522123894
1 15,2,1,0.008849557522123894
10 month,2,1,0.008849557522123894
11 1,2,1,0.008849557522123894
2 months,2,1,0.008849557522123894
3rd party,2,1,0.008849557522123894
8 month,2,1,0.008849557522123894
air filter,2,1,0.008849557522123894
airbag recall,2,1,0.008849557522123894
bathroom break,2,1,0.008849557522123894
blessed sacrament,2,1,0.008849557522123894
call cluny,2,1,0.008849557522123894
censored deleted,2,1,0.008849557522123894
centered church,2,1,0.008849557522123894
charge labor,2,1,0.008849557522123894
christmas eve,2,1,0.008849557522123894
church pineville,2,1,0.008849557522123894
comments raising,2,1,0.008849557522123894
customer service,2,1,0.008849557522123894
customers feel,2,1,0.008849557522123894
da da,2,1,0.008849557522123894
decor person,2,1,0.008849557522123894
deleted comments,2,1,0.008849557522123894
domestically abusive,2,1,0.008849557522123894
engine air,2,1,0.008849557522123894
eve service,2,1,0.008849557522123894
extremely disappointed,2,1,0.008849557522123894
family friendly,2,1,0.008849557522123894
fannie mae,2,1,0.008849557522123894
feel inclined,2,1,0.008849557522123894
feel safe,2,1,0.008849557522123894
fo hawk,2,1,0.008849557522123894
front desk,2,1,0.008849557522123894
gated community,2,1,0.008849557522123894
girlfriends mother,2,1,0.008849557522123894
god's children,2,1,0.008849557522123894
god's plan,2,1,0.008849557522123894
god's word,2,1,0.008849557522123894
grove resort,2,1,0.008849557522123894
head volunteer,2,1,0.008849557522123894
highly recommend,2,1,0.008849557522123894
honda odyssey,2,1,0.008849557522123894
hope church,2,1,0.008849557522123894
incredibly irresponsible,2,1,0.008849557522123894
jesus loved,2,1,0.008849557522123894
kadampa centre,2,1,0.008849557522123894
lead pastor,2,1,0.008849557522123894
leave ur,2,1,0.008849557522123894
letters raising,2,1,0.008849557522123894
living property,2,1,0.008849557522123894
lord jesus,2,1,0.008849557522123894
mathews location,2,1,0.008849557522123894
mothers day,2,1,0.008849557522123894
music minister,2,1,0.008849557522123894
numerous letters,2,1,0.008849557522123894
oil change,2,1,0.008849557522123894
pastor penny,2,1,0.008849557522123894
pastor troy,2,1,0.008849557522123894
pastoral care,2,1,0.008849557522123894
people coming,2,1,0.008849557522123894
pineville mathews,2,1,0.008849557522123894
ponzi scheme,2,1,0.008849557522123894
prayer chaplain,2,1,0.008849557522123894
primary music,2,1,0.008849557522123894
prospective clientele,2,1,0.008849557522123894
raising concern,2,1,0.008849557522123894
raising issue,2,1,0.008849557522123894
regular basis,2,1,0.008849557522123894
resort village,2,1,0.008849557522123894
sales gm,2,1,0.008849557522123894
school times,2,1,0.008849557522123894
sell sell,2,1,0.008849557522123894
sermon starts,2,1,0.008849557522123894
son passed,2,1,0.008849557522123894
spiritual institution,2,1,0.008849557522123894
store policy,2,1,0.008849557522123894
strange rules,2,1,0.008849557522123894
takata airbag,2,1,0.008849557522123894
tarantino properties,2,1,0.008849557522123894
fish fry,21,4,0.07526881720430108
notre dame,7,4,0.025089605734767026
pad thai,7,4,0.025089605734767026
food fair,6,4,0.021505376344086023
noodle soup,6,4,0.021505376344086023
4 5,5,4,0.017921146953405017
fried fish,5,4,0.017921146953405017
fry review,5,4,0.017921146953405017
highly recommend,5,4,0.017921146953405017
1 2,4,4,0.014336917562724014
5 stars,4,4,0.014336917562724014
green beans,4,4,0.014336917562724014
nthe church,4,4,0.014336917562724014
30 minutes,3,4,0.010752688172043012
4 stars,3,4,0.010752688172043012
condensed milk,3,4,0.010752688172043012
crab cake,3,4,0.010752688172043012
cream panna,3,4,0.010752688172043012
dame basilica,3,4,0.010752688172043012
fish dinner,3,4,0.010752688172043012
fish fries,3,4,0.010752688172043012
fish sauce,3,4,0.010752688172043012
glass windows,3,4,0.010752688172043012
green curry,3,4,0.010752688172043012
guided tours,3,4,0.010752688172043012
jr sr,3,4,0.010752688172043012
monthly food,3,4,0.010752688172043012
onion soup,3,4,0.010752688172043012
panna cotta,3,4,0.010752688172043012
pgh fish,3,4,0.010752688172043012
phad thai,3,4,0.010752688172043012
pork skewers,3,4,0.010752688172043012
satay skewers,3,4,0.010752688172043012
sticky rice,3,4,0.010752688172043012
wedding chapel,3,4,0.010752688172043012
15 minutes,2,4,0.007168458781362007
2 people,2,4,0.007168458781362007
3 5,2,4,0.007168458781362007
5 donation,2,4,0.007168458781362007
assorted fried,2,4,0.007168458781362007
bagged teas,2,4,0.007168458781362007
bake sale,2,4,0.007168458781362007
basilique notre,2,4,0.007168458781362007
bbq spiced,2,4,0.007168458781362007
beautiful church,2,4,0.007168458781362007
bible based,2,4,0.007168458781362007
bruges frites,2,4,0.007168458781362007
cake po,2,4,0.007168458781362007
called ahead,2,4,0.007168458781362007
chaiya meditation,2,4,0.007168458781362007
charcuterie board,2,4,0.007168458781362007
cheese 3,2,4,0.007168458781362007
chicken gyro,2,4,0.007168458781362007
chicken thighs,2,4,0.007168458781362007
chili flakes,2,4,0.007168458781362007
cookies cream,2,4,0.007168458781362007
cornmeal haddock,2,4,0.007168458781362007
cream cheese,2,4,0.007168458781362007
curry mussels,2,4,0.007168458781362007
dame de,2,4,0.007168458781362007
de montr,2,4,0.007168458781362007
decent amount,2,4,0.007168458781362007
deep fried,2,4,0.007168458781362007
denominational 2000,2,4,0.007168458781362007
dining companion,2,4,0.007168458781362007
dipping sauce,2,4,0.007168458781362007
fish sandwich,2,4,0.007168458781362007
formal wear,2,4,0.007168458781362007
french onion,2,4,0.007168458781362007
fried platter,2,4,0.007168458781362007
fry map,2,4,0.007168458781362007
fun store,2,4,0.007168458781362007
funeral home,2,4,0.007168458781362007
green papaya,2,4,0.007168458781362007
grilled bbq,2,4,0.007168458781362007
historic landmark,2,4,0.007168458781362007
huge screen,2,4,0.007168458781362007
las vegas,2,4,0.007168458781362007
magic hour,2,4,0.007168458781362007
makes sense,2,4,0.007168458781362007
mat 10,2,4,0.007168458781362007
meditation monastery,2,4,0.007168458781362007
mega church,2,4,0.007168458781362007
menu items,2,4,0.007168458781362007
monastery monthly,2,4,0.007168458781362007
month 4,2,4,0.007168458781362007
montr al,2,4,0.007168458781362007
morning life,2,4,0.007168458781362007
moules frites,2,4,0.007168458781362007
nfor dessert,2,4,0.007168458781362007
nice job,2,4,0.007168458781362007
nmy friend,2,4,0.007168458781362007
nthe worship,2,4,0.007168458781362007
papaya salad,2,4,0.007168458781362007
park bruges,2,4,0.007168458781362007
parking lot,2,4,0.007168458781362007
photo packages,2,4,0.007168458781362007
pitt alum,2,4,0.007168458781362007
po boy,2,4,0.007168458781362007
pork satay,2,4,0.007168458781362007
las vegas,44,5,0.06461086637298091
highly recommend,28,5,0.041116005873715125
catholic church,18,5,0.02643171806167401
pad thai,18,5,0.02643171806167401
church home,16,5,0.023494860499265784
sticky rice,15,5,0.022026431718061675
absolutely love,14,5,0.020558002936857563
church family,14,5,0.020558002936857563
holy spirit,13,5,0.01908957415565345
home church,12,5,0.01762114537444934
jesus christ,11,5,0.016152716593245228
notre dame,11,5,0.016152716593245228
parking lot,11,5,0.016152716593245228
children's ministry,10,5,0.014684287812041116
christian church,9,5,0.013215859030837005
god bless,9,5,0.013215859030837005
worship team,9,5,0.013215859030837005
amazing church,8,5,0.011747430249632892
god's word,8,5,0.011747430249632892
pastor anderson,8,5,0.011747430249632892
wedding chapel,8,5,0.011747430249632892
5 5,7,5,0.010279001468428781
absolutely amazing,7,5,0.010279001468428781
bible based,7,5,0.010279001468428781
bible study,7,5,0.010279001468428781
bible teaching,7,5,0.010279001468428781
montr al,7,5,0.010279001468428781
nthis church,7,5,0.010279001468428781
rated 5,7,5,0.010279001468428781
thai food,7,5,0.010279001468428781
awesome church,6,5,0.00881057268722467
bible studies,6,5,0.00881057268722467
biblical teaching,6,5,0.00881057268722467
condensed milk,6,5,0.00881057268722467
pastor chris,6,5,0.00881057268722467
rescue mission,6,5,0.00881057268722467
stained glass,6,5,0.00881057268722467
thrift store,6,5,0.00881057268722467
wedding day,6,5,0.00881057268722467
3 5,5,5,0.007342143906020558
attend mass,5,5,0.007342143906020558
beautiful church,5,5,0.007342143906020558
billy graham,5,5,0.007342143906020558
calvary chapel,5,5,0.007342143906020558
canyon ridge,5,5,0.007342143906020558
christian music,5,5,0.007342143906020558
church offers,5,5,0.007342143906020558
food fair,5,5,0.007342143906020558
friendly staff,5,5,0.007342143906020558
gift shop,5,5,0.007342143906020558
life changing,5,5,0.007342143906020558
love love,5,5,0.007342143906020558
loving people,5,5,0.007342143906020558
months ago,5,5,0.007342143906020558
park bruges,5,5,0.007342143906020558
prenatal yoga,5,5,0.007342143906020558
rated 3,5,5,0.007342143906020558
real people,5,5,0.007342143906020558
rock concert,5,5,0.007342143906020558
saturday night,5,5,0.007342143906020558
spirit filled,5,5,0.007342143906020558
sunday morning,5,5,0.007342143906020558
teaching pastors,5,5,0.007342143906020558
wonderful people,5,5,0.007342143906020558
worship experience,5,5,0.007342143906020558
5 stars,4,5,0.005873715124816446
amazing job,4,5,0.005873715124816446
awesome worship,4,5,0.005873715124816446
baptist church,4,5,0.005873715124816446
basilique notre,4,5,0.005873715124816446
breath taking,4,5,0.005873715124816446
chicken pad,4,5,0.005873715124816446
children's program,4,5,0.005873715124816446
church community,4,5,0.005873715124816446
church love,4,5,0.005873715124816446
church lv,4,5,0.005873715124816446
church pastor,4,5,0.005873715124816446
coffee shop,4,5,0.005873715124816446
dame basilica,4,5,0.005873715124816446
father adam,4,5,0.005873715124816446
feel welcomed,4,5,0.005873715124816446
friendly church,4,5,0.005873715124816446
funeral mass,4,5,0.005873715124816446
ice cream,4,5,0.005873715124816446
monthly food,4,5,0.005873715124816446
ni love,4,5,0.005873715124816446
pastor jim,4,5,0.005873715124816446
pastor john,4,5,0.005873715124816446
patrick's basilica,4,5,0.005873715124816446
scottsdale christian,4,5,0.005873715124816446
st joan,4,5,0.005873715124816446
st patrick's,4,5,0.005873715124816446
step inside,4,5,0.005873715124816446
sunday mass,4,5,0.005873715124816446
sunday school,4,5,0.005873715124816446
teaching church,4,5,0.005873715124816446
uuu uuu,4,5,0.005873715124816446
visit st,4,5,0.005873715124816446
visiting montreal,4,5,0.005873715124816446
wedding planning,4,5,0.005873715124816446
fish fry,5,4,0.027624309392265192
food fair,5,4,0.027624309392265192
coffee shop,4,4,0.022099447513812154
highly recommend,4,4,0.022099447513812154
brother andre,3,4,0.016574585635359115
chick fil,3,4,0.016574585635359115
happy hour,3,4,0.016574585635359115
pad thai,3,4,0.016574585635359115
wide variety,3,4,0.016574585635359115
youth minister,3,4,0.016574585635359115
03 03,2,4,0.011049723756906077
03 2018,2,4,0.011049723756906077
1hr ish,2,4,0.011049723756906077
20 minutes,2,4,0.011049723756906077
5 star,2,4,0.011049723756906077
6 months,2,4,0.011049723756906077
airport location,2,4,0.011049723756906077
ample parking,2,4,0.011049723756906077
apple fritter,2,4,0.011049723756906077
attend mass,2,4,0.011049723756906077
barber shop,2,4,0.011049723756906077
bible based,2,4,0.011049723756906077
blended church,2,4,0.011049723756906077
brussel sprouts,2,4,0.011049723756906077
classic white,2,4,0.011049723756906077
clothes shoes,2,4,0.011049723756906077
crypt church,2,4,0.011049723756906077
customer service,2,4,0.011049723756906077
dirt lot,2,4,0.011049723756906077
easter service,2,4,0.011049723756906077
eggs benedict,2,4,0.011049723756906077
engaged couples,2,4,0.011049723756906077
fast food,2,4,0.011049723756906077
finding leaders,2,4,0.011049723756906077
football service,2,4,0.011049723756906077
fun activities,2,4,0.011049723756906077
hand breaded,2,4,0.011049723756906077
head shop,2,4,0.011049723756906077
holi celebration,2,4,0.011049723756906077
home church,2,4,0.011049723756906077
hush puppies,2,4,0.011049723756906077
key battery,2,4,0.011049723756906077
lives found,2,4,0.011049723756906077
love coming,2,4,0.011049723756906077
mesa az,2,4,0.011049723756906077
message music,2,4,0.011049723756906077
months prior,2,4,0.011049723756906077
multiple service,2,4,0.011049723756906077
panko breading,2,4,0.011049723756906077
pilgrim rest,2,4,0.011049723756906077
priority honda,2,4,0.011049723756906077
rainy day,2,4,0.011049723756906077
recommend coming,2,4,0.011049723756906077
saint joseph,2,4,0.011049723756906077
service department,2,4,0.011049723756906077
service times,2,4,0.011049723756906077
shop located,2,4,0.011049723756906077
stained glass,2,4,0.011049723756906077
sunday mass,2,4,0.011049723756906077
upper level,2,4,0.011049723756906077
wedding day,2,4,0.011049723756906077
weekly program,2,4,0.011049723756906077
white wine,2,4,0.011049723756906077
wonderful blended,2,4,0.011049723756906077
wonderful multiple,2,4,0.011049723756906077
1 3,1,4,0.0055248618784530384
1 hour,1,4,0.0055248618784530384
1 pure,1,4,0.0055248618784530384
10 30,1,4,0.0055248618784530384
10 30a,1,4,0.0055248618784530384
10 45am,1,4,0.0055248618784530384
10 pilgrim,1,4,0.0055248618784530384
10 weddings,1,4,0.0055248618784530384
100 deposit,1,4,0.0055248618784530384
101 class,1,4,0.0055248618784530384
11 15,1,4,0.0055248618784530384
14 churches,1,4,0.0055248618784530384
15 20,1,4,0.0055248618784530384
16 rev3,1,4,0.0055248618784530384
2 3,1,4,0.0055248618784530384
2 blocks,1,4,0.0055248618784530384
2 photos,1,4,0.0055248618784530384
20 min,1,4,0.0055248618784530384
20 minute,1,4,0.0055248618784530384
20 romans,1,4,0.0055248618784530384
200 300,1,4,0.0055248618784530384
2018 hoping,1,4,0.0055248618784530384
23 cad,1,4,0.0055248618784530384
23 matthew,1,4,0.0055248618784530384
23 romans,1,4,0.0055248618784530384
2500 people,1,4,0.0055248618784530384
2nd trip,1,4,0.0055248618784530384
3 16,1,4,0.0055248618784530384
3 23,1,4,0.0055248618784530384
3 minutes,1,4,0.0055248618784530384
3 months,1,4,0.0055248618784530384
3 music,1,4,0.0055248618784530384
3 preaching,1,4,0.0055248618784530384
3 stars,1,4,0.0055248618784530384
30 2a,1,4,0.0055248618784530384
grilled cheese,4,3,0.03007518796992481
30 minutes,3,3,0.022556390977443608
drink special,3,3,0.022556390977443608
easter egg,3,3,0.022556390977443608
egg hunt,3,3,0.022556390977443608
sunday service,3,3,0.022556390977443608
worship service,3,3,0.022556390977443608
1 hour,2,3,0.015037593984962405
1st receptionist,2,3,0.015037593984962405
attended service,2,3,0.015037593984962405
cheese meal,2,3,0.015037593984962405
chick fil,2,3,0.015037593984962405
coffee shop,2,3,0.015037593984962405
customer service,2,3,0.015037593984962405
drink specials,2,3,0.015037593984962405
home church,2,3,0.015037593984962405
hour drive,2,3,0.015037593984962405
hour service,2,3,0.015037593984962405
jr pastor,2,3,0.015037593984962405
mac cheese,2,3,0.015037593984962405
pastor greg,2,3,0.015037593984962405
poor review,2,3,0.015037593984962405
safety recall,2,3,0.015037593984962405
service entrance,2,3,0.015037593984962405
thai food,2,3,0.015037593984962405
05 14,1,3,0.007518796992481203
1 charge,1,3,0.007518796992481203
14 17,1,3,0.007518796992481203
15 17,1,3,0.007518796992481203
15 vendors,1,3,0.007518796992481203
150.00 check,1,3,0.007518796992481203
17 worship,1,3,0.007518796992481203
18 plate,1,3,0.007518796992481203
19 17,1,3,0.007518796992481203
1thessalonians 5,1,3,0.007518796992481203
2 15,1,3,0.007518796992481203
2 19,1,3,0.007518796992481203
2 stars,1,3,0.007518796992481203
20 min,1,3,0.007518796992481203
20 minute,1,3,0.007518796992481203
22 ni,1,3,0.007518796992481203
2nd time,1,3,0.007518796992481203
3 drink,1,3,0.007518796992481203
3 grandkids,1,3,0.007518796992481203
3 pm,1,3,0.007518796992481203
3 weeks,1,3,0.007518796992481203
30 minute,1,3,0.007518796992481203
375th anniversary,1,3,0.007518796992481203
4 sundays,1,3,0.007518796992481203
45 hour,1,3,0.007518796992481203
5 22,1,3,0.007518796992481203
5 drinks,1,3,0.007518796992481203
7 pm,1,3,0.007518796992481203
8 sandwich,1,3,0.007518796992481203
80 min,1,3,0.007518796992481203
9 months,1,3,0.007518796992481203
95 degree,1,3,0.007518796992481203
ac bus,1,3,0.007518796992481203
ac cooled,1,3,0.007518796992481203
actual content,1,3,0.007518796992481203
add ons,1,3,0.007518796992481203
additional copies,1,3,0.007518796992481203
affordable prices,1,3,0.007518796992481203
age 12,1,3,0.007518796992481203
ages 3,1,3,0.007518796992481203
amazing artists,1,3,0.007518796992481203
ambient casino,1,3,0.007518796992481203
animals live,1,3,0.007518796992481203
animated graphics,1,3,0.007518796992481203
anniversary series,1,3,0.007518796992481203
anti sex,1,3,0.007518796992481203
appointment easy,1,3,0.007518796992481203
aritzia tim,1,3,0.007518796992481203
arizona 2010,1,3,0.007518796992481203
army sergeant,1,3,0.007518796992481203
arrived completely,1,3,0.007518796992481203
arrived shortly,1,3,0.007518796992481203
arts colleges,1,3,0.007518796992481203
assistant called,1,3,0.007518796992481203
atmosphere bass,1,3,0.007518796992481203
attended events,1,3,0.007518796992481203
attended weddings,1,3,0.007518796992481203
attending class,1,3,0.007518796992481203
audience blinding,1,3,0.007518796992481203
aura ft,1,3,0.007518796992481203
automated response,1,3,0.007518796992481203
awful service,1,3,0.007518796992481203
awkward amounts,1,3,0.007518796992481203
background pics,1,3,0.007518796992481203
bankrupt nif,1,3,0.007518796992481203
basement bar,1,3,0.007518796992481203
basic diner,1,3,0.007518796992481203
beat worship,1,3,0.007518796992481203
beautiful flying,1,3,0.007518796992481203
beautiful inside,1,3,0.007518796992481203
bible specifically,1,3,0.007518796992481203
biggest commandment,1,3,0.007518796992481203
bills talk,1,3,0.007518796992481203
blessings people,1,3,0.007518796992481203
bloor st,1,3,0.007518796992481203
close ups,6,1,0.03125
christian church,4,1,0.020833333333333332
finance manager,4,1,0.020833333333333332
sign language,4,1,0.020833333333333332
10 minutes,3,1,0.015625
blessed sacrament,3,1,0.015625
catholic church,3,1,0.015625
children's ministry,3,1,0.015625
customer service,3,1,0.015625
gap insurance,3,1,0.015625
jesus christ,3,1,0.015625
kids program,3,1,0.015625
las vegas,3,1,0.015625
marriage ceremony,3,1,0.015625
ministry leader,3,1,0.015625
pastor steele,3,1,0.015625
0 stars,2,1,0.010416666666666666
1 star,2,1,0.010416666666666666
30 minutes,2,1,0.010416666666666666
5 minutes,2,1,0.010416666666666666
5 owed,2,1,0.010416666666666666
asian barber,2,1,0.010416666666666666
attending mass,2,1,0.010416666666666666
bad reviews,2,1,0.010416666666666666
basket blessing,2,1,0.010416666666666666
bible verses,2,1,0.010416666666666666
blah blah,2,1,0.010416666666666666
christian academy,2,1,0.010416666666666666
church announcements,2,1,0.010416666666666666
church's website,2,1,0.010416666666666666
claimed elijah,2,1,0.010416666666666666
collection period,2,1,0.010416666666666666
cookie cutter,2,1,0.010416666666666666
counseling session,2,1,0.010416666666666666
credit card,2,1,0.010416666666666666
credit cards,2,1,0.010416666666666666
denominational christian,2,1,0.010416666666666666
easter basket,2,1,0.010416666666666666
executive pastor,2,1,0.010416666666666666
false advertisement,2,1,0.010416666666666666
feel safe,2,1,0.010416666666666666
female pastor,2,1,0.010416666666666666
fr gerry,2,1,0.010416666666666666
head pastor,2,1,0.010416666666666666
homeless people,2,1,0.010416666666666666
lease agreement,2,1,0.010416666666666666
life christian,2,1,0.010416666666666666
lords prayer,2,1,0.010416666666666666
loud music,2,1,0.010416666666666666
monetary return,2,1,0.010416666666666666
nmy family,2,1,0.010416666666666666
paid 250,2,1,0.010416666666666666
parking lot,2,1,0.010416666666666666
past 5,2,1,0.010416666666666666
pastor larson,2,1,0.010416666666666666
pastor steven,2,1,0.010416666666666666
phone call,2,1,0.010416666666666666
random bible,2,1,0.010416666666666666
rescue mission,2,1,0.010416666666666666
residential lease,2,1,0.010416666666666666
rev amy,2,1,0.010416666666666666
rock concert,2,1,0.010416666666666666
service dog,2,1,0.010416666666666666
sun valley,2,1,0.010416666666666666
suspicious clerk,2,1,0.010416666666666666
terrible experience,2,1,0.010416666666666666
traditional catholic,2,1,0.010416666666666666
vegas mission,2,1,0.010416666666666666
wedding day,2,1,0.010416666666666666
worship team,2,1,0.010416666666666666
0 5,1,1,0.005208333333333333
1 2,1,1,0.005208333333333333
1 previously,1,1,0.005208333333333333
1 review,1,1,0.005208333333333333
1.5 hours,1,1,0.005208333333333333
10 15,1,1,0.005208333333333333
10 fold,1,1,0.005208333333333333
12 01,1,1,0.005208333333333333
140 charge,1,1,0.005208333333333333
140 insurance,1,1,0.005208333333333333
14k white,1,1,0.005208333333333333
15 30,1,1,0.005208333333333333
15 min,1,1,0.005208333333333333
15 n6,1,1,0.005208333333333333
150 minimum,1,1,0.005208333333333333
"19,000.00 minimum",1,1,0.005208333333333333
"19,000.00 play",1,1,0.005208333333333333
2 benches,1,1,0.005208333333333333
2 days,1,1,0.005208333333333333
2 gentlemen,1,1,0.005208333333333333
2 kids,1,1,0.005208333333333333
2 ladies,1,1,0.005208333333333333
2 weeks,1,1,0.005208333333333333
20 30,1,1,0.005208333333333333
20 miles,1,1,0.005208333333333333
20 minutes,1,1,0.005208333333333333
20 wasted,1,1,0.005208333333333333
202 freeway,1,1,0.005208333333333333
25 diamonds,1,1,0.005208333333333333
25 miles,1,1,0.005208333333333333
park bruges,11,4,0.04296875
fish fry,9,4,0.03515625
pad thai,7,4,0.02734375
beautiful church,6,4,0.0234375
greek food,6,4,0.0234375
ice cream,5,4,0.01953125
parking lot,5,4,0.01953125
stained glass,5,4,0.01953125
curry sauce,4,4,0.015625
date square,4,4,0.015625
green curry,4,4,0.015625
bloody mary,3,4,0.01171875
chicken strips,3,4,0.01171875
food fair,3,4,0.01171875
fried fish,3,4,0.01171875
glass windows,3,4,0.01171875
medium rare,3,4,0.01171875
montreal poutine,3,4,0.01171875
noodle soup,3,4,0.01171875
prix fixe,3,4,0.01171875
regular menu,3,4,0.01171875
shrimp cocktail,3,4,0.01171875
shrimp fritters,3,4,0.01171875
12 13,2,4,0.0078125
13 14,2,4,0.0078125
15 minutes,2,4,0.0078125
4.5 stars,2,4,0.0078125
5 nchicken,2,4,0.0078125
5 nmango,2,4,0.0078125
5 stars,2,4,0.0078125
8 30,2,4,0.0078125
9am 11am,2,4,0.0078125
accept credit,2,4,0.0078125
active congregation,2,4,0.0078125
added bonus,2,4,0.0078125
arugula salad,2,4,0.0078125
banquet hall,2,4,0.0078125
beautiful churches,2,4,0.0078125
beef brisket,2,4,0.0078125
brisket potato,2,4,0.0078125
bruges frites,2,4,0.0078125
buddy cuts,2,4,0.0078125
candle costs,2,4,0.0078125
catholic church,2,4,0.0078125
celine dion,2,4,0.0078125
charcuterie board,2,4,0.0078125
chicken liver,2,4,0.0078125
chicken sandwich,2,4,0.0078125
chocolate cake,2,4,0.0078125
church building,2,4,0.0078125
classic montreal,2,4,0.0078125
cocktail salad,2,4,0.0078125
crab cakes,2,4,0.0078125
crinkle cut,2,4,0.0078125
enjoy coming,2,4,0.0078125
entrance fee,2,4,0.0078125
event venue,2,4,0.0078125
excellent service,2,4,0.0078125
extremely friendly,2,4,0.0078125
faced blt,2,4,0.0078125
fantastic music,2,4,0.0078125
feel invisible,2,4,0.0078125
fish cake,2,4,0.0078125
fish fries,2,4,0.0078125
fish sandwich,2,4,0.0078125
food fest,2,4,0.0078125
food festival,2,4,0.0078125
french toast,2,4,0.0078125
frere andre,2,4,0.0078125
friday night,2,4,0.0078125
fruit cobbler,2,4,0.0078125
goat cheese,2,4,0.0078125
guest speakers,2,4,0.0078125
guided tour,2,4,0.0078125
gyros entrees,2,4,0.0078125
highly recommend,2,4,0.0078125
highly recommended,2,4,0.0078125
king street,2,4,0.0078125
lamb ragu,2,4,0.0078125
leek soup,2,4,0.0078125
loose leaf,2,4,0.0078125
loose teas,2,4,0.0078125
loving people,2,4,0.0078125
menu items,2,4,0.0078125
monthly fair,2,4,0.0078125
nice church,2,4,0.0078125
notre dame,2,4,0.0078125
nthe service,2,4,0.0078125
offering candle,2,4,0.0078125
onion soup,2,4,0.0078125
pageant committee,2,4,0.0078125
papaya salad,2,4,0.0078125
pastor chris,2,4,0.0078125
people watching,2,4,0.0078125
pointe brugge,2,4,0.0078125
pork skewers,2,4,0.0078125
pork taro,2,4,0.0078125
portion size,2,4,0.0078125
potato hash,2,4,0.0078125
potato leek,2,4,0.0078125
billy graham,5,3,0.03333333333333333
holy spirit,5,3,0.03333333333333333
christian school,4,3,0.02666666666666667
worship music,4,3,0.02666666666666667
2017 2018,2,3,0.013333333333333334
accelerated math,2,3,0.013333333333333334
alter call,2,3,0.013333333333333334
attending church,2,3,0.013333333333333334
community college,2,3,0.013333333333333334
compass church,2,3,0.013333333333333334
fellow christians,2,3,0.013333333333333334
female monk,2,3,0.013333333333333334
final video,2,3,0.013333333333333334
gift shop,2,3,0.013333333333333334
grasshopper cake,2,3,0.013333333333333334
kids ministry,2,3,0.013333333333333334
liberal arts,2,3,0.013333333333333334
mammy accent,2,3,0.013333333333333334
mega church,2,3,0.013333333333333334
monk told,2,3,0.013333333333333334
nativity scene,2,3,0.013333333333333334
night church,2,3,0.013333333333333334
pastor jamie,2,3,0.013333333333333334
pastor kyle,2,3,0.013333333333333334
pastor russell,2,3,0.013333333333333334
political stance,2,3,0.013333333333333334
political views,2,3,0.013333333333333334
proper clothes,2,3,0.013333333333333334
redeemer christian,2,3,0.013333333333333334
religious preferences,2,3,0.013333333333333334
resource restrictions,2,3,0.013333333333333334
service feels,2,3,0.013333333333333334
super nice,2,3,0.013333333333333334
talking cow,2,3,0.013333333333333334
wearing proper,2,3,0.013333333333333334
wednesday night,2,3,0.013333333333333334
wife's nephew,2,3,0.013333333333333334
worship god,2,3,0.013333333333333334
worshiping god,2,3,0.013333333333333334
yada yada,2,3,0.013333333333333334
1 oz,1,3,0.006666666666666667
1 tablespoon,1,3,0.006666666666666667
10 30,1,3,0.006666666666666667
12 avec,1,3,0.006666666666666667
12 count,1,3,0.006666666666666667
14 students,1,3,0.006666666666666667
15 20,1,3,0.006666666666666667
15 min,1,3,0.006666666666666667
18 includes,1,3,0.006666666666666667
19 14,1,3,0.006666666666666667
20 min,1,3,0.006666666666666667
20 minutes,1,3,0.006666666666666667
2018 academic,1,3,0.006666666666666667
3 kids,1,3,0.006666666666666667
30 minutes,1,3,0.006666666666666667
30 service,1,3,0.006666666666666667
30am service,1,3,0.006666666666666667
360 degrees,1,3,0.006666666666666667
5 stars,1,3,0.006666666666666667
50 nles,1,3,0.006666666666666667
51 minutes,1,3,0.006666666666666667
6 tour,1,3,0.006666666666666667
8 30am,1,3,0.006666666666666667
8 tortilla,1,3,0.006666666666666667
9 30a,1,3,0.006666666666666667
9th grade,1,3,0.006666666666666667
absolutely amazing,1,3,0.006666666666666667
accent tells,1,3,0.006666666666666667
accept kids,1,3,0.006666666666666667
acces la,1,3,0.006666666666666667
actual library,1,3,0.006666666666666667
additional evening,1,3,0.006666666666666667
additional outreach,1,3,0.006666666666666667
adult church,1,3,0.006666666666666667
aggressive rock,1,3,0.006666666666666667
aka bill,1,3,0.006666666666666667
amazing band,1,3,0.006666666666666667
amazing hearts,1,3,0.006666666666666667
amazing preacher,1,3,0.006666666666666667
ancient times,1,3,0.006666666666666667
animatronic cow,1,3,0.006666666666666667
answer questions,1,3,0.006666666666666667
ap courses,1,3,0.006666666666666667
apathetic view,1,3,0.006666666666666667
apple fritter,1,3,0.006666666666666667
applepuzzels labor,1,3,0.006666666666666667
assistance lifting,1,3,0.006666666666666667
assorted veggies,1,3,0.006666666666666667
attend church,1,3,0.006666666666666667
attend mass,1,3,0.006666666666666667
attend service,1,3,0.006666666666666667
attended compass,1,3,0.006666666666666667
attends school,1,3,0.006666666666666667
attention creating,1,3,0.006666666666666667
aussi beaucoup,1,3,0.006666666666666667
avec acces,1,3,0.006666666666666667
avec audio,1,3,0.006666666666666667
avocado cocktail,1,3,0.006666666666666667
ball game,1,3,0.006666666666666667
band nhowever,1,3,0.006666666666666667
black leather,6,2,0.03428571428571429
pastor paul,5,2,0.02857142857142857
priority honda,5,2,0.02857142857142857
apr percentage,4,2,0.022857142857142857
customer service,4,2,0.022857142857142857
loaner car,4,2,0.022857142857142857
tan leather,4,2,0.022857142857142857
pastor denise,3,2,0.017142857142857144
11 00,2,2,0.011428571428571429
6 hours,2,2,0.011428571428571429
black interior,2,2,0.011428571428571429
blond girls,2,2,0.011428571428571429
car lot,2,2,0.011428571428571429
car salesman,2,2,0.011428571428571429
certified check,2,2,0.011428571428571429
christian church,2,2,0.011428571428571429
christmas eve,2,2,0.011428571428571429
completely ridiculous,2,2,0.011428571428571429
credit union,2,2,0.011428571428571429
dark haired,2,2,0.011428571428571429
door panels,2,2,0.011428571428571429
fabric interior,2,2,0.011428571428571429
financial guy,2,2,0.011428571428571429
fitness managers,2,2,0.011428571428571429
front door,2,2,0.011428571428571429
giving money,2,2,0.011428571428571429
honda bought,2,2,0.011428571428571429
honda civic,2,2,0.011428571428571429
insurance company,2,2,0.011428571428571429
kinda apr,2,2,0.011428571428571429
knot package,2,2,0.011428571428571429
leather changed,2,2,0.011428571428571429
leather interior,2,2,0.011428571428571429
loaner guess,2,2,0.011428571428571429
looked completely,2,2,0.011428571428571429
lot wtf,2,2,0.011428571428571429
music minister,2,2,0.011428571428571429
nice facility,2,2,0.011428571428571429
parking lot,2,2,0.011428571428571429
personal preference,2,2,0.011428571428571429
phone calls,2,2,0.011428571428571429
plastic panels,2,2,0.011428571428571429
primary music,2,2,0.011428571428571429
recommend priority,2,2,0.011428571428571429
rev kotas,2,2,0.011428571428571429
sales manager,2,2,0.011428571428571429
salesman emails,2,2,0.011428571428571429
salesman sales,2,2,0.011428571428571429
saturday evening,2,2,0.011428571428571429
seat belts,2,2,0.011428571428571429
service dept,2,2,0.011428571428571429
tan fabric,2,2,0.011428571428571429
thrift store,2,2,0.011428571428571429
total lack,2,2,0.011428571428571429
total shock,2,2,0.011428571428571429
weeks ago,2,2,0.011428571428571429
1 2,1,2,0.005714285714285714
1 gym,1,2,0.005714285714285714
1 time,1,2,0.005714285714285714
"1,000 package",1,2,0.005714285714285714
10 minutes,1,2,0.005714285714285714
100 gift,1,2,0.005714285714285714
100 worth,1,2,0.005714285714285714
11 05,1,2,0.005714285714285714
11 2014,1,2,0.005714285714285714
12 05,1,2,0.005714285714285714
15 16,1,2,0.005714285714285714
15 feet,1,2,0.005714285714285714
15min rule,1,2,0.005714285714285714
"16,000sf home",1,2,0.005714285714285714
1960 production,1,2,0.005714285714285714
2 empty,1,2,0.005714285714285714
2 stars,1,2,0.005714285714285714
2 suits,1,2,0.005714285714285714
20wks pregnant,1,2,0.005714285714285714
24 hours,1,2,0.005714285714285714
25 greeters,1,2,0.005714285714285714
3 4,1,2,0.005714285714285714
3 hours,1,2,0.005714285714285714
3 months,1,2,0.005714285714285714
3 times,1,2,0.005714285714285714
3rd party,1,2,0.005714285714285714
4 pm,1,2,0.005714285714285714
4 times,1,2,0.005714285714285714
4 weeks,1,2,0.005714285714285714
5 minutes,1,2,0.005714285714285714
5 stars,1,2,0.005714285714285714
50 75,1,2,0.005714285714285714
500 800,1,2,0.005714285714285714
55 dollars,1,2,0.005714285714285714
6 15,1,2,0.005714285714285714
7th street,1,2,0.005714285714285714
8 minutes,1,2,0.005714285714285714
abbreviated lessons,1,2,0.005714285714285714
adam kotas,1,2,0.005714285714285714
adequate time,1,2,0.005714285714285714
african american,1,2,0.005714285714285714
albums worth,1,2,0.005714285714285714
allotted time,1,2,0.005714285714285714
allowed people,1,2,0.005714285714285714
christian school,8,1,0.029304029304029304
city church,8,1,0.029304029304029304
dream city,8,1,0.029304029304029304
joy christian,8,1,0.029304029304029304
las vegas,8,1,0.029304029304029304
catholic church,7,1,0.02564102564102564
5 minutes,5,1,0.018315018315018316
death metal,5,1,0.018315018315018316
parking lot,5,1,0.018315018315018316
30 minutes,4,1,0.014652014652014652
christmas eve,4,1,0.014652014652014652
custom suit,4,1,0.014652014652014652
guest pass,4,1,0.014652014652014652
holy spirit,4,1,0.014652014652014652
hot tub,4,1,0.014652014652014652
modern day,4,1,0.014652014652014652
restoration movement,4,1,0.014652014652014652
2 weeks,3,1,0.01098901098901099
bottom layer,3,1,0.01098901098901099
catholic family,3,1,0.01098901098901099
central theme,3,1,0.01098901098901099
customer service,3,1,0.01098901098901099
easter sunday,3,1,0.01098901098901099
extremely disappointed,3,1,0.01098901098901099
false apostles,3,1,0.01098901098901099
family services,3,1,0.01098901098901099
god's word,3,1,0.01098901098901099
heels hurt,3,1,0.01098901098901099
nthe lady,3,1,0.01098901098901099
office manager,3,1,0.01098901098901099
0 stars,2,1,0.007326007326007326
1 star,2,1,0.007326007326007326
20 minutes,2,1,0.007326007326007326
3 days,2,1,0.007326007326007326
3 people,2,1,0.007326007326007326
30 minute,2,1,0.007326007326007326
45 minutes,2,1,0.007326007326007326
5 feet,2,1,0.007326007326007326
6 o'clock,2,1,0.007326007326007326
8 o'clock,2,1,0.007326007326007326
abandoned cart,2,1,0.007326007326007326
additional notes,2,1,0.007326007326007326
air filter,2,1,0.007326007326007326
apostles deceitful,2,1,0.007326007326007326
attraction church,2,1,0.007326007326007326
aura light,2,1,0.007326007326007326
aura lightshow,2,1,0.007326007326007326
avoid coming,2,1,0.007326007326007326
bad food,2,1,0.007326007326007326
bad service,2,1,0.007326007326007326
beautiful day,2,1,0.007326007326007326
birthday friend's,2,1,0.007326007326007326
booked tickets,2,1,0.007326007326007326
buy online,2,1,0.007326007326007326
central christian,2,1,0.007326007326007326
chicken sandwich,2,1,0.007326007326007326
church filled,2,1,0.007326007326007326
deceitful workers,2,1,0.007326007326007326
entire resort,2,1,0.007326007326007326
excuse bad,2,1,0.007326007326007326
falsely teach,2,1,0.007326007326007326
friend's birthday,2,1,0.007326007326007326
front desk,2,1,0.007326007326007326
front office,2,1,0.007326007326007326
highly recommend,2,1,0.007326007326007326
holy ghost,2,1,0.007326007326007326
honest review,2,1,0.007326007326007326
jesus christ,2,1,0.007326007326007326
las cosas,2,1,0.007326007326007326
literally 5,2,1,0.007326007326007326
literally looked,2,1,0.007326007326007326
literally spent,2,1,0.007326007326007326
los carritos,2,1,0.007326007326007326
loud conversations,2,1,0.007326007326007326
minute drive,2,1,0.007326007326007326
mormon church,2,1,0.007326007326007326
nthe message,2,1,0.007326007326007326
parents teachers,2,1,0.007326007326007326
pastor luke,2,1,0.007326007326007326
pastor's wife,2,1,0.007326007326007326
peoples carts,2,1,0.007326007326007326
phoenix location,2,1,0.007326007326007326
pipa act,2,1,0.007326007326007326
prebook parking,2,1,0.007326007326007326
private community,2,1,0.007326007326007326
rental assistance,2,1,0.007326007326007326
rock band,2,1,0.007326007326007326
sacrificial death,2,1,0.007326007326007326
school dream,2,1,0.007326007326007326
sea salt,2,1,0.007326007326007326
security guard,2,1,0.007326007326007326
single women,2,1,0.007326007326007326
social media,2,1,0.007326007326007326
soft speech,2,1,0.007326007326007326
spiritual depth,2,1,0.007326007326007326
st timothy's,2,1,0.007326007326007326
started talking,2,1,0.007326007326007326
store filled,2,1,0.007326007326007326
store gathering,2,1,0.007326007326007326
sunday morning,2,1,0.007326007326007326
birth certificate,7,1,0.0319634703196347
catholic church,6,1,0.0273972602739726
mustard seed,6,1,0.0273972602739726
oil change,6,1,0.0273972602739726
15 minutes,5,1,0.0228310502283105
friday morning,4,1,0.0182648401826484
jesus christ,4,1,0.0182648401826484
celebrate recovery,3,1,0.0136986301369863
priority honda,3,1,0.0136986301369863
roman catholic,3,1,0.0136986301369863
senior pastor,3,1,0.0136986301369863
service department,3,1,0.0136986301369863
2 hours,2,1,0.0091324200913242
"2,000,000 budget",2,1,0.0091324200913242
20 minutes,2,1,0.0091324200913242
30 minutes,2,1,0.0091324200913242
8 45,2,1,0.0091324200913242
85308 7111,2,1,0.0091324200913242
absolutely ridiculous,2,1,0.0091324200913242
appointment ensures,2,1,0.0091324200913242
arizona 85308,2,1,0.0091324200913242
bad impression,2,1,0.0091324200913242
bad news,2,1,0.0091324200913242
balsamic reduction,2,1,0.0091324200913242
baptism appointments,2,1,0.0091324200913242
baptism coordinator,2,1,0.0091324200913242
baptist church,2,1,0.0091324200913242
bar staff,2,1,0.0091324200913242
biblical principles,2,1,0.0091324200913242
charge people,2,1,0.0091324200913242
child's baptism,2,1,0.0091324200913242
child's birth,2,1,0.0091324200913242
church n6180,2,1,0.0091324200913242
contract marriage,2,1,0.0091324200913242
coordinator hung,2,1,0.0091324200913242
daughter baptized,2,1,0.0091324200913242
deposit box,2,1,0.0091324200913242
diocesan policy,2,1,0.0091324200913242
diocese nrev,2,1,0.0091324200913242
entire service,2,1,0.0091324200913242
false church,2,1,0.0091324200913242
fax lilly's,2,1,0.0091324200913242
fr diskin,2,1,0.0091324200913242
giving money,2,1,0.0091324200913242
god's love,2,1,0.0091324200913242
god's word,2,1,0.0091324200913242
james turner,2,1,0.0091324200913242
jerusalem artichokes,2,1,0.0091324200913242
judy told,2,1,0.0091324200913242
kid friendly,2,1,0.0091324200913242
kitchen nightmares,2,1,0.0091324200913242
lilly's birth,2,1,0.0091324200913242
margaret ni,2,1,0.0091324200913242
marriage license,2,1,0.0091324200913242
masters degrees,2,1,0.0091324200913242
matthew 18,2,1,0.0091324200913242
multiple claims,2,1,0.0091324200913242
n6180 west,2,1,0.0091324200913242
ndear margaret,2,1,0.0091324200913242
nglendale arizona,2,1,0.0091324200913242
ni hope,2,1,0.0091324200913242
nrev james,2,1,0.0091324200913242
nst thomas,2,1,0.0091324200913242
parish priest,2,1,0.0091324200913242
paster mark,2,1,0.0091324200913242
paster spending,2,1,0.0091324200913242
pastor brian,2,1,0.0091324200913242
pastoral care,2,1,0.0091324200913242
people 10,2,1,0.0091324200913242
policy nin,2,1,0.0091324200913242
previous reviews,2,1,0.0091324200913242
regular price,2,1,0.0091324200913242
requested information,2,1,0.0091324200913242
rightly expect,2,1,0.0091324200913242
road nglendale,2,1,0.0091324200913242
rock concert,2,1,0.0091324200913242
rude woman,2,1,0.0091324200913242
safety deposit,2,1,0.0091324200913242
seeker friendly,2,1,0.0091324200913242
service preaching,2,1,0.0091324200913242
st ambrose,2,1,0.0091324200913242
sunday evening,2,1,0.0091324200913242
text messages,2,1,0.0091324200913242
time prior,2,1,0.0091324200913242
turner nst,2,1,0.0091324200913242
urine drug,2,1,0.0091324200913242
utopia road,2,1,0.0091324200913242
west utopia,2,1,0.0091324200913242
workers looked,2,1,0.0091324200913242
worst restaurant,2,1,0.0091324200913242
0w 20,1,1,0.0045662100456621
1 2,1,1,0.0045662100456621
1 4,1,1,0.0045662100456621
1 5,1,1,0.0045662100456621
1 antipasti,1,1,0.0045662100456621
1 barber,1,1,0.0045662100456621
1 hour,1,1,0.0045662100456621
1 pasta,1,1,0.0045662100456621
1 secondi,1,1,0.0045662100456621
1 star,1,1,0.0045662100456621
10 minutes,3,2,0.025
20 minutes,3,2,0.025
downtown campus,3,2,0.025
2 stars,2,2,0.016666666666666666
2 top,2,2,0.016666666666666666
2015 bottle,2,2,0.016666666666666666
arbitrarily waiting,2,2,0.016666666666666666
chick fil,2,2,0.016666666666666666
christmas tree,2,2,0.016666666666666666
home church,2,2,0.016666666666666666
love chick,2,2,0.016666666666666666
njeremiah 10,2,2,0.016666666666666666
treat people,2,2,0.016666666666666666
tree decorating,2,2,0.016666666666666666
voice mail,2,2,0.016666666666666666
watermelon salad,2,2,0.016666666666666666
worship team,2,2,0.016666666666666666
1 2,1,2,0.008333333333333333
1 5,1,2,0.008333333333333333
10 1,1,2,0.008333333333333333
10 8,1,2,0.008333333333333333
10 commandments,1,2,0.008333333333333333
11 24am,1,2,0.008333333333333333
11 30am,1,2,0.008333333333333333
11 45am,1,2,0.008333333333333333
13 2017,1,2,0.008333333333333333
15 yeah,1,2,0.008333333333333333
2 3,1,2,0.008333333333333333
2 nights,1,2,0.008333333333333333
2 total,1,2,0.008333333333333333
20 weekly,1,2,0.008333333333333333
2013 red,1,2,0.008333333333333333
25 minutes,1,2,0.008333333333333333
2x left,1,2,0.008333333333333333
3 09,1,2,0.008333333333333333
3 options,1,2,0.008333333333333333
3 times,1,2,0.008333333333333333
30am service,1,2,0.008333333333333333
4 minutes,1,2,0.008333333333333333
4 months,1,2,0.008333333333333333
4 top,1,2,0.008333333333333333
45am left,1,2,0.008333333333333333
4p 9p,1,2,0.008333333333333333
5 10,1,2,0.008333333333333333
5 min,1,2,0.008333333333333333
5 minutes,1,2,0.008333333333333333
7 front,1,2,0.008333333333333333
7st baseline,1,2,0.008333333333333333
8 16,1,2,0.008333333333333333
absolutely terrible,1,2,0.008333333333333333
activity expected,1,2,0.008333333333333333
appetizer main,1,2,0.008333333333333333
architectural haven,1,2,0.008333333333333333
arms reaching,1,2,0.008333333333333333
attend classes,1,2,0.008333333333333333
attention meaning,1,2,0.008333333333333333
bad experience,1,2,0.008333333333333333
bag unattended,1,2,0.008333333333333333
barely glanced,1,2,0.008333333333333333
based dishes,1,2,0.008333333333333333
basically hear,1,2,0.008333333333333333
beat strong,1,2,0.008333333333333333
beautiful church,1,2,0.008333333333333333
beginning music,1,2,0.008333333333333333
biblically saturated,1,2,0.008333333333333333
bigger waiting,1,2,0.008333333333333333
biggest issue,1,2,0.008333333333333333
birth certificate,1,2,0.008333333333333333
bloody mary,1,2,0.008333333333333333
book bag,1,2,0.008333333333333333
bottom line,1,2,0.008333333333333333
brand poor,1,2,0.008333333333333333
brunch 12,1,2,0.008333333333333333
bubbly taste,1,2,0.008333333333333333
bucket list,1,2,0.008333333333333333
buddha desk,1,2,0.008333333333333333
business saturday,1,2,0.008333333333333333
bustle house,1,2,0.008333333333333333
busy pushing,1,2,0.008333333333333333
cad sans,1,2,0.008333333333333333
call time,1,2,0.008333333333333333
called friday,1,2,0.008333333333333333
casting crowns,1,2,0.008333333333333333
catholic religion,1,2,0.008333333333333333
celebrate christmas,1,2,0.008333333333333333
changed bc,1,2,0.008333333333333333
chanting activity,1,2,0.008333333333333333
chick fila,1,2,0.008333333333333333
chicken egg,1,2,0.008333333333333333
chicken liver,1,2,0.008333333333333333
child care,1,2,0.008333333333333333
child story,1,2,0.008333333333333333
christ centered,1,2,0.008333333333333333
christian children,1,2,0.008333333333333333
christian music,1,2,0.008333333333333333
christians celebrating,1,2,0.008333333333333333
christmas eve,1,2,0.008333333333333333
christmas false,1,2,0.008333333333333333
christmas nooooo,1,2,0.008333333333333333
christmas trees,1,2,0.008333333333333333
israel trip,5,2,0.04065040650406504
essential oils,4,2,0.032520325203252036
mega church,4,2,0.032520325203252036
church home,3,2,0.024390243902439025
6 months,2,2,0.016260162601626018
catholic church,2,2,0.016260162601626018
couple times,2,2,0.016260162601626018
elopement package,2,2,0.016260162601626018
jan 20,2,2,0.016260162601626018
jan 22,2,2,0.016260162601626018
pastor myron,2,2,0.016260162601626018
perfume oils,2,2,0.016260162601626018
photo packages,2,2,0.016260162601626018
sanctuary candle,2,2,0.016260162601626018
worship center,2,2,0.016260162601626018
06 10,1,2,0.008130081300813009
1 person,1,2,0.008130081300813009
1.5 hours,1,2,0.008130081300813009
10 16,1,2,0.008130081300813009
10 18,1,2,0.008130081300813009
10 huge,1,2,0.008130081300813009
10 minutes,1,2,0.008130081300813009
100 session,1,2,0.008130081300813009
15 60,1,2,0.008130081300813009
2 3,1,2,0.008130081300813009
2 month,1,2,0.008130081300813009
2 people,1,2,0.008130081300813009
2 prints,1,2,0.008130081300813009
2 stars,1,2,0.008130081300813009
20 30,1,2,0.008130081300813009
22 2018,1,2,0.008130081300813009
25 titles,1,2,0.008130081300813009
299 tax,1,2,0.008130081300813009
3 employees,1,2,0.008130081300813009
30 mins,1,2,0.008130081300813009
30 minute,1,2,0.008130081300813009
30 minutes,1,2,0.008130081300813009
4 5,1,2,0.008130081300813009
5 people,1,2,0.008130081300813009
5 stars,1,2,0.008130081300813009
5 visits,1,2,0.008130081300813009
50 credit,1,2,0.008130081300813009
5000 weekly,1,2,0.008130081300813009
6 inches,1,2,0.008130081300813009
6 times,1,2,0.008130081300813009
60 weekly,1,2,0.008130081300813009
8 10,1,2,0.008130081300813009
actual essential,1,2,0.008130081300813009
adult locker,1,2,0.008130081300813009
analogies sounding,1,2,0.008130081300813009
animated speaker,1,2,0.008130081300813009
answering immediately,1,2,0.008130081300813009
attended worship,1,2,0.008130081300813009
band carnal,1,2,0.008130081300813009
barely warm,1,2,0.008130081300813009
barn mass,1,2,0.008130081300813009
basically pushed,1,2,0.008130081300813009
beatties ford,1,2,0.008130081300813009
beautiful parish,1,2,0.008130081300813009
belgian waffles,1,2,0.008130081300813009
bible n2,1,2,0.008130081300813009
bible teacher,1,2,0.008130081300813009
bible teaching,1,2,0.008130081300813009
biblical based,1,2,0.008130081300813009
biblical interpretation,1,2,0.008130081300813009
biblical principles,1,2,0.008130081300813009
biblical substance,1,2,0.008130081300813009
biblically based,1,2,0.008130081300813009
bit dirty,1,2,0.008130081300813009
bone marrow,1,2,0.008130081300813009
bored chef,1,2,0.008130081300813009
bottom line,1,2,0.008130081300813009
budgeted money,1,2,0.008130081300813009
call monday,1,2,0.008130081300813009
called left,1,2,0.008130081300813009
carnal sermons,1,2,0.008130081300813009
catholic institution,1,2,0.008130081300813009
catholic mass,1,2,0.008130081300813009
catholic traditional,1,2,0.008130081300813009
center supporting,1,2,0.008130081300813009
chain restaurants,1,2,0.008130081300813009
children's ministry,1,2,0.008130081300813009
china represents,1,2,0.008130081300813009
christianity based,1,2,0.008130081300813009
church 2,1,2,0.008130081300813009
church arena,1,2,0.008130081300813009
church events,1,2,0.008130081300813009
church goer,1,2,0.008130081300813009
church goers,1,2,0.008130081300813009
church nrock,1,2,0.008130081300813009
church pastors,1,2,0.008130081300813009
church sat,1,2,0.008130081300813009
church shirts,1,2,0.008130081300813009
church stuff,1,2,0.008130081300813009
churches pastor,1,2,0.008130081300813009
churchy feeling,1,2,0.008130081300813009
clapping aldi,1,2,0.008130081300813009
club atmosphere,1,2,0.008130081300813009
coffee bar,1,2,0.008130081300813009
coffee cornerstone,1,2,0.008130081300813009
prayer mountain,4,2,0.030534351145038167
darien bennett,3,2,0.022900763358778626
hair cut,3,2,0.022900763358778626
ms finn,3,2,0.022900763358778626
regular menu,3,2,0.022900763358778626
wedding party,3,2,0.022900763358778626
2 stars,2,2,0.015267175572519083
creme brulee,2,2,0.015267175572519083
customer service,2,2,0.015267175572519083
distillery district,2,2,0.015267175572519083
eve service,2,2,0.015267175572519083
head pastor,2,2,0.015267175572519083
jesus christ,2,2,0.015267175572519083
ms thompson,2,2,0.015267175572519083
office building,2,2,0.015267175572519083
pastor mike,2,2,0.015267175572519083
salsa verde,2,2,0.015267175572519083
saturday night,2,2,0.015267175572519083
short ribs,2,2,0.015267175572519083
sports program,2,2,0.015267175572519083
summerlicious menu,2,2,0.015267175572519083
tea shop,2,2,0.015267175572519083
tiff building,2,2,0.015267175572519083
tour daily,2,2,0.015267175572519083
1 15,1,2,0.007633587786259542
1 30,1,2,0.007633587786259542
10oz aaa,1,2,0.007633587786259542
12 2015,1,2,0.007633587786259542
15 guests,1,2,0.007633587786259542
15 min,1,2,0.007633587786259542
15 pm,1,2,0.007633587786259542
2 months,1,2,0.007633587786259542
2 o'clock,1,2,0.007633587786259542
2 people,1,2,0.007633587786259542
2 star,1,2,0.007633587786259542
2 syllable,1,2,0.007633587786259542
2 tiny,1,2,0.007633587786259542
20 braised,1,2,0.007633587786259542
20 times,1,2,0.007633587786259542
2015 luma,1,2,0.007633587786259542
2015 ni,1,2,0.007633587786259542
205 beats,1,2,0.007633587786259542
25 minutes,1,2,0.007633587786259542
26 egg,1,2,0.007633587786259542
3 bites,1,2,0.007633587786259542
3 chicken,1,2,0.007633587786259542
3pm mass,1,2,0.007633587786259542
4 people,1,2,0.007633587786259542
4 stars,1,2,0.007633587786259542
5 8,1,2,0.007633587786259542
5 entrance,1,2,0.007633587786259542
5 minutes,1,2,0.007633587786259542
5 stars,1,2,0.007633587786259542
50 service,1,2,0.007633587786259542
6 months,1,2,0.007633587786259542
60 minister's,1,2,0.007633587786259542
6pm service,1,2,0.007633587786259542
7 8,1,2,0.007633587786259542
8 25pm,1,2,0.007633587786259542
8 30pm,1,2,0.007633587786259542
8 minute,1,2,0.007633587786259542
aaa alberta,1,2,0.007633587786259542
absolutely free,1,2,0.007633587786259542
absolutely leave,1,2,0.007633587786259542
acceptance grace,1,2,0.007633587786259542
accompanying quinoa,1,2,0.007633587786259542
actual scripture,1,2,0.007633587786259542
additional days,1,2,0.007633587786259542
afternoon rolls,1,2,0.007633587786259542
age range,1,2,0.007633587786259542
ahi tuna,1,2,0.007633587786259542
ai porcini,1,2,0.007633587786259542
alberta beef,1,2,0.007633587786259542
all'espresso 44,1,2,0.007633587786259542
alla griglia,1,2,0.007633587786259542
altar call,1,2,0.007633587786259542
alternatives nearby,1,2,0.007633587786259542
amarone reduction,1,2,0.007633587786259542
amber lighting,1,2,0.007633587786259542
anemic lettuce,1,2,0.007633587786259542
angry email,1,2,0.007633587786259542
answer including,1,2,0.007633587786259542
anti homosexual,1,2,0.007633587786259542
antipasti dish,1,2,0.007633587786259542
architecture stained,1,2,0.007633587786259542
aritzia customer,1,2,0.007633587786259542
arrogant attitude,1,2,0.007633587786259542
assume mike,1,2,0.007633587786259542
attend due,1,2,0.007633587786259542
attended calvary,1,2,0.007633587786259542
attending events,1,2,0.007633587786259542
attitude unfitting,1,2,0.007633587786259542
awesome coffee,1,2,0.007633587786259542
bad experiences,1,2,0.007633587786259542
bad night,1,2,0.007633587786259542
bail bonds,1,2,0.007633587786259542
balding male,1,2,0.007633587786259542
baptize hippies,1,2,0.007633587786259542
bar staff,1,2,0.007633587786259542
barbara finn,1,2,0.007633587786259542
3 stars,4,3,0.02857142857142857
ice cream,3,3,0.02142857142857143
medium rare,3,3,0.02142857142857143
mega church,3,3,0.02142857142857143
nthe church,3,3,0.02142857142857143
potato hash,3,3,0.02142857142857143
steak frites,3,3,0.02142857142857143
beef brisket,2,3,0.014285714285714285
bruce lee,2,3,0.014285714285714285
elopement package,2,3,0.014285714285714285
emailed cindy,2,3,0.014285714285714285
guided tour,2,3,0.014285714285714285
itemized list,2,3,0.014285714285714285
lounge section,2,3,0.014285714285714285
moules frites,2,3,0.014285714285714285
nthe food,2,3,0.014285714285714285
official words,2,3,0.014285714285714285
pay 50,2,3,0.014285714285714285
pew count,2,3,0.014285714285714285
play music,2,3,0.014285714285714285
praise god,2,3,0.014285714285714285
pretty cool,2,3,0.014285714285714285
single person,2,3,0.014285714285714285
sound technician,2,3,0.014285714285714285
spirit filled,2,3,0.014285714285714285
store credit,2,3,0.014285714285714285
sunday school,2,3,0.014285714285714285
thrift shop,2,3,0.014285714285714285
thrift store,2,3,0.014285714285714285
tomato soup,2,3,0.014285714285714285
valentines day,2,3,0.014285714285714285
wedding day,2,3,0.014285714285714285
07 15,1,3,0.007142857142857143
1 15,1,3,0.007142857142857143
1 chronicles,1,3,0.007142857142857143
1.5 hours,1,3,0.007142857142857143
10 30,1,3,0.007142857142857143
10 guests,1,3,0.007142857142857143
10 minutes,1,3,0.007142857142857143
100 max,1,3,0.007142857142857143
100 track,1,3,0.007142857142857143
12 30p,1,3,0.007142857142857143
12 9,1,3,0.007142857142857143
145 main,1,3,0.007142857142857143
15 07,1,3,0.007142857142857143
15 ni,1,3,0.007142857142857143
150 dollars,1,3,0.007142857142857143
16 9,1,3,0.007142857142857143
17 check,1,3,0.007142857142857143
1980s low,1,3,0.007142857142857143
2 degrees,1,3,0.007142857142857143
2 eggs,1,3,0.007142857142857143
2 huge,1,3,0.007142857142857143
2 ingredients,1,3,0.007142857142857143
2 minutes,1,3,0.007142857142857143
2 ounces,1,3,0.007142857142857143
2.5 stars,1,3,0.007142857142857143
20 25,1,3,0.007142857142857143
20 minutes,1,3,0.007142857142857143
2014 hoping,1,3,0.007142857142857143
2015 wedding,1,3,0.007142857142857143
21 crowd,1,3,0.007142857142857143
23 lunch,1,3,0.007142857142857143
25 minutes,1,3,0.007142857142857143
25 noverall,1,3,0.007142857142857143
3 life,1,3,0.007142857142857143
3 minutes,1,3,0.007142857142857143
3 sticks,1,3,0.007142857142857143
3.50 leszek,1,3,0.007142857142857143
30 minutes,1,3,0.007142857142857143
30 nationality,1,3,0.007142857142857143
4 stars,1,3,0.007142857142857143
45 mins,1,3,0.007142857142857143
47 6,1,3,0.007142857142857143
5 10,1,3,0.007142857142857143
5 months,1,3,0.007142857142857143
5 stars,1,3,0.007142857142857143
50 people,1,3,0.007142857142857143
6 funny,1,3,0.007142857142857143
6 gw,1,3,0.007142857142857143
6 months,1,3,0.007142857142857143
8 bucks,1,3,0.007142857142857143
9 15,1,3,0.007142857142857143
9 gw,1,3,0.007142857142857143
9 pm,1,3,0.007142857142857143
absolute vodka,1,3,0.007142857142857143
absolutely delicious,1,3,0.007142857142857143
actual vintage,1,3,0.007142857142857143
adult 21,1,3,0.007142857142857143
adults speak,1,3,0.007142857142857143
age limit,1,3,0.007142857142857143
ages 30,1,3,0.007142857142857143
air conditioning,1,3,0.007142857142857143
animated dramatic,1,3,0.007142857142857143
announcements communion,1,3,0.007142857142857143
annual family,1,3,0.007142857142857143
apparently inform,1,3,0.007142857142857143
architecture reminds,1,3,0.007142857142857143
artificial lighting,1,3,0.007142857142857143
attend mass,1,3,0.007142857142857143
